Country Name,Country ISO3,Year,Indicator Name,Indicator Code,Value
#country+name,#country+code,#date+year,#indicator+name,#indicator+code,#indicator+value+num
Barbados,BRB,2017,"ICT service exports (BoP, current US$)",BX.GSR.CCIS.CD,3438207.61
Barbados,BRB,2016,"ICT service exports (BoP, current US$)",BX.GSR.CCIS.CD,9513356.06
Barbados,BRB,2015,"ICT service exports (BoP, current US$)",BX.GSR.CCIS.CD,11432311.6
Barbados,BRB,2014,"ICT service exports (BoP, current US$)",BX.GSR.CCIS.CD,12958419.515
Barbados,BRB,2013,"ICT service exports (BoP, current US$)",BX.GSR.CCIS.CD,15592725.255
Barbados,BRB,2012,"ICT service exports (BoP, current US$)",BX.GSR.CCIS.CD,17750962.1265
Barbados,BRB,2011,"ICT service exports (BoP, current US$)",BX.GSR.CCIS.CD,13969176.425
Barbados,BRB,2010,"ICT service exports (BoP, current US$)",BX.GSR.CCIS.CD,33091948.45
Barbados,BRB,2009,"ICT service exports (BoP, current US$)",BX.GSR.CCIS.CD,32239481.93
Barbados,BRB,2008,"ICT service exports (BoP, current US$)",BX.GSR.CCIS.CD,22650555.165
Barbados,BRB,2007,"ICT service exports (BoP, current US$)",BX.GSR.CCIS.CD,18752066.085
Barbados,BRB,2006,"ICT service exports (BoP, current US$)",BX.GSR.CCIS.CD,44300000
Barbados,BRB,2005,"ICT service exports (BoP, current US$)",BX.GSR.CCIS.CD,54690977.72
Barbados,BRB,2004,"ICT service exports (BoP, current US$)",BX.GSR.CCIS.CD,49146272.32
Barbados,BRB,2003,"ICT service exports (BoP, current US$)",BX.GSR.CCIS.CD,46342000
Barbados,BRB,2002,"ICT service exports (BoP, current US$)",BX.GSR.CCIS.CD,44792000
Barbados,BRB,2001,"ICT service exports (BoP, current US$)",BX.GSR.CCIS.CD,43322000
Barbados,BRB,2000,"ICT service exports (BoP, current US$)",BX.GSR.CCIS.CD,41814000
Barbados,BRB,1999,"ICT service exports (BoP, current US$)",BX.GSR.CCIS.CD,41824000
Barbados,BRB,1998,"ICT service exports (BoP, current US$)",BX.GSR.CCIS.CD,47228000
Barbados,BRB,1997,"ICT service exports (BoP, current US$)",BX.GSR.CCIS.CD,49030000
Barbados,BRB,1996,"ICT service exports (BoP, current US$)",BX.GSR.CCIS.CD,47810000
Barbados,BRB,1995,"ICT service exports (BoP, current US$)",BX.GSR.CCIS.CD,43794000
Barbados,BRB,1994,"ICT service exports (BoP, current US$)",BX.GSR.CCIS.CD,39888000
Barbados,BRB,1993,"ICT service exports (BoP, current US$)",BX.GSR.CCIS.CD,21300000
Barbados,BRB,1992,"ICT service exports (BoP, current US$)",BX.GSR.CCIS.CD,20056000
Barbados,BRB,1991,"ICT service exports (BoP, current US$)",BX.GSR.CCIS.CD,12230000
Barbados,BRB,1990,"ICT service exports (BoP, current US$)",BX.GSR.CCIS.CD,11308000
Barbados,BRB,1989,"ICT service exports (BoP, current US$)",BX.GSR.CCIS.CD,13496000
Barbados,BRB,1988,"ICT service exports (BoP, current US$)",BX.GSR.CCIS.CD,14503000
Barbados,BRB,1987,"ICT service exports (BoP, current US$)",BX.GSR.CCIS.CD,9250000
Barbados,BRB,1986,"ICT service exports (BoP, current US$)",BX.GSR.CCIS.CD,8418000
Barbados,BRB,1985,"ICT service exports (BoP, current US$)",BX.GSR.CCIS.CD,6864000
Barbados,BRB,1984,"ICT service exports (BoP, current US$)",BX.GSR.CCIS.CD,6732000
Barbados,BRB,1983,"ICT service exports (BoP, current US$)",BX.GSR.CCIS.CD,7568000
Barbados,BRB,1982,"ICT service exports (BoP, current US$)",BX.GSR.CCIS.CD,5324000
Barbados,BRB,1981,"ICT service exports (BoP, current US$)",BX.GSR.CCIS.CD,3916000
Barbados,BRB,1980,"ICT service exports (BoP, current US$)",BX.GSR.CCIS.CD,3520000
Barbados,BRB,1979,"ICT service exports (BoP, current US$)",BX.GSR.CCIS.CD,3490960
Barbados,BRB,1978,"ICT service exports (BoP, current US$)",BX.GSR.CCIS.CD,1655720
Barbados,BRB,2017,"ICT service exports (% of service exports, BoP)",BX.GSR.CCIS.ZS,0.225770564803364
Barbados,BRB,2016,"ICT service exports (% of service exports, BoP)",BX.GSR.CCIS.ZS,0.663706997456298
Barbados,BRB,2015,"ICT service exports (% of service exports, BoP)",BX.GSR.CCIS.ZS,0.805898470053953
Barbados,BRB,2014,"ICT service exports (% of service exports, BoP)",BX.GSR.CCIS.ZS,0.940522600244444
Barbados,BRB,2013,"ICT service exports (% of service exports, BoP)",BX.GSR.CCIS.ZS,1.06918181924797
Barbados,BRB,2012,"ICT service exports (% of service exports, BoP)",BX.GSR.CCIS.ZS,1.4115937406983
Barbados,BRB,2011,"ICT service exports (% of service exports, BoP)",BX.GSR.CCIS.ZS,1.07589871890541
Barbados,BRB,2010,"ICT service exports (% of service exports, BoP)",BX.GSR.CCIS.ZS,2.48399488620169
Barbados,BRB,2009,"ICT service exports (% of service exports, BoP)",BX.GSR.CCIS.ZS,2.2791252396802
Barbados,BRB,2008,"ICT service exports (% of service exports, BoP)",BX.GSR.CCIS.ZS,1.49139437791056
Barbados,BRB,2007,"ICT service exports (% of service exports, BoP)",BX.GSR.CCIS.ZS,1.28641283215749
Barbados,BRB,2006,"ICT service exports (% of service exports, BoP)",BX.GSR.CCIS.ZS,3.21370557065331
Barbados,BRB,2005,"ICT service exports (% of service exports, BoP)",BX.GSR.CCIS.ZS,4.35951031546797
Barbados,BRB,2004,"ICT service exports (% of service exports, BoP)",BX.GSR.CCIS.ZS,4.48830951793724
Barbados,BRB,2003,"ICT service exports (% of service exports, BoP)",BX.GSR.CCIS.ZS,4.14232394598967
Barbados,BRB,2002,"ICT service exports (% of service exports, BoP)",BX.GSR.CCIS.ZS,4.36139534632407
Barbados,BRB,2001,"ICT service exports (% of service exports, BoP)",BX.GSR.CCIS.ZS,4.27488869362544
Barbados,BRB,2000,"ICT service exports (% of service exports, BoP)",BX.GSR.CCIS.ZS,3.84892367780053
Barbados,BRB,1999,"ICT service exports (% of service exports, BoP)",BX.GSR.CCIS.ZS,4.22419382861438
Barbados,BRB,1998,"ICT service exports (% of service exports, BoP)",BX.GSR.CCIS.ZS,4.9868325722726
Barbados,BRB,1997,"ICT service exports (% of service exports, BoP)",BX.GSR.CCIS.ZS,5.45991994022167
Barbados,BRB,1996,"ICT service exports (% of service exports, BoP)",BX.GSR.CCIS.ZS,4.94243047180084
Barbados,BRB,1995,"ICT service exports (% of service exports, BoP)",BX.GSR.CCIS.ZS,5.45828531852466
Barbados,BRB,1994,"ICT service exports (% of service exports, BoP)",BX.GSR.CCIS.ZS,5.00927499091199
Barbados,BRB,1993,"ICT service exports (% of service exports, BoP)",BX.GSR.CCIS.ZS,3.10932709140385
Barbados,BRB,1992,"ICT service exports (% of service exports, BoP)",BX.GSR.CCIS.ZS,3.26685522132893
Barbados,BRB,1991,"ICT service exports (% of service exports, BoP)",BX.GSR.CCIS.ZS,1.99271400033487
Barbados,BRB,1990,"ICT service exports (% of service exports, BoP)",BX.GSR.CCIS.ZS,1.79415402938591
Barbados,BRB,1989,"ICT service exports (% of service exports, BoP)",BX.GSR.CCIS.ZS,1.978049224812
Barbados,BRB,1988,"ICT service exports (% of service exports, BoP)",BX.GSR.CCIS.ZS,2.43613447033217
Barbados,BRB,1987,"ICT service exports (% of service exports, BoP)",BX.GSR.CCIS.ZS,1.82324874661311
Barbados,BRB,1986,"ICT service exports (% of service exports, BoP)",BX.GSR.CCIS.ZS,1.83048525807377
Barbados,BRB,1985,"ICT service exports (% of service exports, BoP)",BX.GSR.CCIS.ZS,1.6737666821916
Barbados,BRB,1984,"ICT service exports (% of service exports, BoP)",BX.GSR.CCIS.ZS,1.7764507466694
Barbados,BRB,1983,"ICT service exports (% of service exports, BoP)",BX.GSR.CCIS.ZS,2.22262604236073
Barbados,BRB,1982,"ICT service exports (% of service exports, BoP)",BX.GSR.CCIS.ZS,1.54578487633576
Barbados,BRB,1981,"ICT service exports (% of service exports, BoP)",BX.GSR.CCIS.ZS,1.16583444168483
Barbados,BRB,1980,"ICT service exports (% of service exports, BoP)",BX.GSR.CCIS.ZS,1.06664161674991
Barbados,BRB,1979,"ICT service exports (% of service exports, BoP)",BX.GSR.CCIS.ZS,1.28929097878379
Barbados,BRB,1978,"ICT service exports (% of service exports, BoP)",BX.GSR.CCIS.ZS,0.904599694427161
Barbados,BRB,2021,Electricity production from coal sources (% of total),EG.ELC.COAL.ZS,0
Barbados,BRB,2020,Electricity production from coal sources (% of total),EG.ELC.COAL.ZS,0
Barbados,BRB,2019,Electricity production from coal sources (% of total),EG.ELC.COAL.ZS,0
Barbados,BRB,2018,Electricity production from coal sources (% of total),EG.ELC.COAL.ZS,0
Barbados,BRB,2017,Electricity production from coal sources (% of total),EG.ELC.COAL.ZS,0
Barbados,BRB,2016,Electricity production from coal sources (% of total),EG.ELC.COAL.ZS,0
Barbados,BRB,2015,Electricity production from coal sources (% of total),EG.ELC.COAL.ZS,0
Barbados,BRB,2014,Electricity production from coal sources (% of total),EG.ELC.COAL.ZS,0
Barbados,BRB,2013,Electricity production from coal sources (% of total),EG.ELC.COAL.ZS,0
Barbados,BRB,2012,Electricity production from coal sources (% of total),EG.ELC.COAL.ZS,0
Barbados,BRB,2011,Electricity production from coal sources (% of total),EG.ELC.COAL.ZS,0
Barbados,BRB,2010,Electricity production from coal sources (% of total),EG.ELC.COAL.ZS,0
Barbados,BRB,2009,Electricity production from coal sources (% of total),EG.ELC.COAL.ZS,0
Barbados,BRB,2008,Electricity production from coal sources (% of total),EG.ELC.COAL.ZS,0
Barbados,BRB,2007,Electricity production from coal sources (% of total),EG.ELC.COAL.ZS,0
Barbados,BRB,2006,Electricity production from coal sources (% of total),EG.ELC.COAL.ZS,0
Barbados,BRB,2005,Electricity production from coal sources (% of total),EG.ELC.COAL.ZS,0
Barbados,BRB,2004,Electricity production from coal sources (% of total),EG.ELC.COAL.ZS,0
Barbados,BRB,2003,Electricity production from coal sources (% of total),EG.ELC.COAL.ZS,0
Barbados,BRB,2002,Electricity production from coal sources (% of total),EG.ELC.COAL.ZS,0
Barbados,BRB,2001,Electricity production from coal sources (% of total),EG.ELC.COAL.ZS,0
Barbados,BRB,2000,Electricity production from coal sources (% of total),EG.ELC.COAL.ZS,0
Barbados,BRB,2021,Electricity production from hydroelectric sources (% of total),EG.ELC.HYRO.ZS,0
Barbados,BRB,2020,Electricity production from hydroelectric sources (% of total),EG.ELC.HYRO.ZS,0
Barbados,BRB,2019,Electricity production from hydroelectric sources (% of total),EG.ELC.HYRO.ZS,0
Barbados,BRB,2018,Electricity production from hydroelectric sources (% of total),EG.ELC.HYRO.ZS,0
Barbados,BRB,2017,Electricity production from hydroelectric sources (% of total),EG.ELC.HYRO.ZS,0
Barbados,BRB,2016,Electricity production from hydroelectric sources (% of total),EG.ELC.HYRO.ZS,0
Barbados,BRB,2015,Electricity production from hydroelectric sources (% of total),EG.ELC.HYRO.ZS,0
Barbados,BRB,2014,Electricity production from hydroelectric sources (% of total),EG.ELC.HYRO.ZS,0
Barbados,BRB,2013,Electricity production from hydroelectric sources (% of total),EG.ELC.HYRO.ZS,0
Barbados,BRB,2012,Electricity production from hydroelectric sources (% of total),EG.ELC.HYRO.ZS,0
Barbados,BRB,2011,Electricity production from hydroelectric sources (% of total),EG.ELC.HYRO.ZS,0
Barbados,BRB,2010,Electricity production from hydroelectric sources (% of total),EG.ELC.HYRO.ZS,0
Barbados,BRB,2009,Electricity production from hydroelectric sources (% of total),EG.ELC.HYRO.ZS,0
Barbados,BRB,2008,Electricity production from hydroelectric sources (% of total),EG.ELC.HYRO.ZS,0
Barbados,BRB,2007,Electricity production from hydroelectric sources (% of total),EG.ELC.HYRO.ZS,0
Barbados,BRB,2006,Electricity production from hydroelectric sources (% of total),EG.ELC.HYRO.ZS,0
Barbados,BRB,2005,Electricity production from hydroelectric sources (% of total),EG.ELC.HYRO.ZS,0
Barbados,BRB,2004,Electricity production from hydroelectric sources (% of total),EG.ELC.HYRO.ZS,0
Barbados,BRB,2003,Electricity production from hydroelectric sources (% of total),EG.ELC.HYRO.ZS,0
Barbados,BRB,2002,Electricity production from hydroelectric sources (% of total),EG.ELC.HYRO.ZS,0
Barbados,BRB,2001,Electricity production from hydroelectric sources (% of total),EG.ELC.HYRO.ZS,0
Barbados,BRB,2000,Electricity production from hydroelectric sources (% of total),EG.ELC.HYRO.ZS,0
Barbados,BRB,2021,Electricity production from natural gas sources (% of total),EG.ELC.NGAS.ZS,0
Barbados,BRB,2020,Electricity production from natural gas sources (% of total),EG.ELC.NGAS.ZS,0
Barbados,BRB,2019,Electricity production from natural gas sources (% of total),EG.ELC.NGAS.ZS,0
Barbados,BRB,2018,Electricity production from natural gas sources (% of total),EG.ELC.NGAS.ZS,0
Barbados,BRB,2017,Electricity production from natural gas sources (% of total),EG.ELC.NGAS.ZS,0
Barbados,BRB,2016,Electricity production from natural gas sources (% of total),EG.ELC.NGAS.ZS,0
Barbados,BRB,2015,Electricity production from natural gas sources (% of total),EG.ELC.NGAS.ZS,0
Barbados,BRB,2014,Electricity production from natural gas sources (% of total),EG.ELC.NGAS.ZS,0
Barbados,BRB,2013,Electricity production from natural gas sources (% of total),EG.ELC.NGAS.ZS,0
Barbados,BRB,2012,Electricity production from natural gas sources (% of total),EG.ELC.NGAS.ZS,0
Barbados,BRB,2011,Electricity production from natural gas sources (% of total),EG.ELC.NGAS.ZS,0
Barbados,BRB,2010,Electricity production from natural gas sources (% of total),EG.ELC.NGAS.ZS,0
Barbados,BRB,2009,Electricity production from natural gas sources (% of total),EG.ELC.NGAS.ZS,0
Barbados,BRB,2008,Electricity production from natural gas sources (% of total),EG.ELC.NGAS.ZS,0
Barbados,BRB,2007,Electricity production from natural gas sources (% of total),EG.ELC.NGAS.ZS,0
Barbados,BRB,2006,Electricity production from natural gas sources (% of total),EG.ELC.NGAS.ZS,0
Barbados,BRB,2005,Electricity production from natural gas sources (% of total),EG.ELC.NGAS.ZS,0
Barbados,BRB,2004,Electricity production from natural gas sources (% of total),EG.ELC.NGAS.ZS,0
Barbados,BRB,2003,Electricity production from natural gas sources (% of total),EG.ELC.NGAS.ZS,0
Barbados,BRB,2002,Electricity production from natural gas sources (% of total),EG.ELC.NGAS.ZS,0
Barbados,BRB,2001,Electricity production from natural gas sources (% of total),EG.ELC.NGAS.ZS,0
Barbados,BRB,2000,Electricity production from natural gas sources (% of total),EG.ELC.NGAS.ZS,0
Barbados,BRB,2021,Electricity production from nuclear sources (% of total),EG.ELC.NUCL.ZS,0
Barbados,BRB,2020,Electricity production from nuclear sources (% of total),EG.ELC.NUCL.ZS,0
Barbados,BRB,2019,Electricity production from nuclear sources (% of total),EG.ELC.NUCL.ZS,0
Barbados,BRB,2018,Electricity production from nuclear sources (% of total),EG.ELC.NUCL.ZS,0
Barbados,BRB,2017,Electricity production from nuclear sources (% of total),EG.ELC.NUCL.ZS,0
Barbados,BRB,2016,Electricity production from nuclear sources (% of total),EG.ELC.NUCL.ZS,0
Barbados,BRB,2015,Electricity production from nuclear sources (% of total),EG.ELC.NUCL.ZS,0
Barbados,BRB,2014,Electricity production from nuclear sources (% of total),EG.ELC.NUCL.ZS,0
Barbados,BRB,2013,Electricity production from nuclear sources (% of total),EG.ELC.NUCL.ZS,0
Barbados,BRB,2012,Electricity production from nuclear sources (% of total),EG.ELC.NUCL.ZS,0
Barbados,BRB,2011,Electricity production from nuclear sources (% of total),EG.ELC.NUCL.ZS,0
Barbados,BRB,2010,Electricity production from nuclear sources (% of total),EG.ELC.NUCL.ZS,0
Barbados,BRB,2009,Electricity production from nuclear sources (% of total),EG.ELC.NUCL.ZS,0
Barbados,BRB,2008,Electricity production from nuclear sources (% of total),EG.ELC.NUCL.ZS,0
Barbados,BRB,2007,Electricity production from nuclear sources (% of total),EG.ELC.NUCL.ZS,0
Barbados,BRB,2006,Electricity production from nuclear sources (% of total),EG.ELC.NUCL.ZS,0
Barbados,BRB,2005,Electricity production from nuclear sources (% of total),EG.ELC.NUCL.ZS,0
Barbados,BRB,2004,Electricity production from nuclear sources (% of total),EG.ELC.NUCL.ZS,0
Barbados,BRB,2003,Electricity production from nuclear sources (% of total),EG.ELC.NUCL.ZS,0
Barbados,BRB,2002,Electricity production from nuclear sources (% of total),EG.ELC.NUCL.ZS,0
Barbados,BRB,2001,Electricity production from nuclear sources (% of total),EG.ELC.NUCL.ZS,0
Barbados,BRB,2000,Electricity production from nuclear sources (% of total),EG.ELC.NUCL.ZS,0
Barbados,BRB,2021,Electricity production from oil sources (% of total),EG.ELC.PETR.ZS,92.674920433906
Barbados,BRB,2020,Electricity production from oil sources (% of total),EG.ELC.PETR.ZS,94.5545732743965
Barbados,BRB,2019,Electricity production from oil sources (% of total),EG.ELC.PETR.ZS,96.5908301493574
Barbados,BRB,2018,Electricity production from oil sources (% of total),EG.ELC.PETR.ZS,97.6988072443656
Barbados,BRB,2017,Electricity production from oil sources (% of total),EG.ELC.PETR.ZS,97.6888409172679
Barbados,BRB,2016,Electricity production from oil sources (% of total),EG.ELC.PETR.ZS,98.6720276354164
Barbados,BRB,2015,Electricity production from oil sources (% of total),EG.ELC.PETR.ZS,98.6590368836746
Barbados,BRB,2014,Electricity production from oil sources (% of total),EG.ELC.PETR.ZS,99.0200644234874
Barbados,BRB,2013,Electricity production from oil sources (% of total),EG.ELC.PETR.ZS,99.5736088375695
Barbados,BRB,2012,Electricity production from oil sources (% of total),EG.ELC.PETR.ZS,99.6978638443734
Barbados,BRB,2011,Electricity production from oil sources (% of total),EG.ELC.PETR.ZS,99.7489635236393
Barbados,BRB,2010,Electricity production from oil sources (% of total),EG.ELC.PETR.ZS,99.8494005168963
Barbados,BRB,2009,Electricity production from oil sources (% of total),EG.ELC.PETR.ZS,99.8840666429814
Barbados,BRB,2008,Electricity production from oil sources (% of total),EG.ELC.PETR.ZS,99.9118140699229
Barbados,BRB,2007,Electricity production from oil sources (% of total),EG.ELC.PETR.ZS,99.9114420659709
Barbados,BRB,2006,Electricity production from oil sources (% of total),EG.ELC.PETR.ZS,99.9696277935082
Barbados,BRB,2005,Electricity production from oil sources (% of total),EG.ELC.PETR.ZS,99.9687846138355
Barbados,BRB,2004,Electricity production from oil sources (% of total),EG.ELC.PETR.ZS,99.9821318889944
Barbados,BRB,2003,Electricity production from oil sources (% of total),EG.ELC.PETR.ZS,99.981631575322
Barbados,BRB,2002,Electricity production from oil sources (% of total),EG.ELC.PETR.ZS,99.9813771590856
Barbados,BRB,2001,Electricity production from oil sources (% of total),EG.ELC.PETR.ZS,99.9806567048697
Barbados,BRB,2000,Electricity production from oil sources (% of total),EG.ELC.PETR.ZS,100
Barbados,BRB,2021,"Annual freshwater withdrawals, agriculture (% of total freshwater withdrawal)",ER.H2O.FWAG.ZS,67.6543209877
Barbados,BRB,2020,"Annual freshwater withdrawals, agriculture (% of total freshwater withdrawal)",ER.H2O.FWAG.ZS,67.6543209877
Barbados,BRB,2019,"Annual freshwater withdrawals, agriculture (% of total freshwater withdrawal)",ER.H2O.FWAG.ZS,67.6543209877
Barbados,BRB,2018,"Annual freshwater withdrawals, agriculture (% of total freshwater withdrawal)",ER.H2O.FWAG.ZS,67.6543209877
Barbados,BRB,2017,"Annual freshwater withdrawals, agriculture (% of total freshwater withdrawal)",ER.H2O.FWAG.ZS,67.6543209877
Barbados,BRB,2016,"Annual freshwater withdrawals, agriculture (% of total freshwater withdrawal)",ER.H2O.FWAG.ZS,67.6543209877
Barbados,BRB,2015,"Annual freshwater withdrawals, agriculture (% of total freshwater withdrawal)",ER.H2O.FWAG.ZS,67.6543209877
Barbados,BRB,2014,"Annual freshwater withdrawals, agriculture (% of total freshwater withdrawal)",ER.H2O.FWAG.ZS,67.6543209877
Barbados,BRB,2013,"Annual freshwater withdrawals, agriculture (% of total freshwater withdrawal)",ER.H2O.FWAG.ZS,67.6543209877
Barbados,BRB,2012,"Annual freshwater withdrawals, agriculture (% of total freshwater withdrawal)",ER.H2O.FWAG.ZS,67.6543209877
Barbados,BRB,2011,"Annual freshwater withdrawals, agriculture (% of total freshwater withdrawal)",ER.H2O.FWAG.ZS,67.6543209877
Barbados,BRB,2010,"Annual freshwater withdrawals, agriculture (% of total freshwater withdrawal)",ER.H2O.FWAG.ZS,67.6543209877
Barbados,BRB,2009,"Annual freshwater withdrawals, agriculture (% of total freshwater withdrawal)",ER.H2O.FWAG.ZS,67.6543209877
Barbados,BRB,2008,"Annual freshwater withdrawals, agriculture (% of total freshwater withdrawal)",ER.H2O.FWAG.ZS,67.6543209877
Barbados,BRB,2007,"Annual freshwater withdrawals, agriculture (% of total freshwater withdrawal)",ER.H2O.FWAG.ZS,67.6543209877
Barbados,BRB,2006,"Annual freshwater withdrawals, agriculture (% of total freshwater withdrawal)",ER.H2O.FWAG.ZS,67.6543209877
Barbados,BRB,2005,"Annual freshwater withdrawals, agriculture (% of total freshwater withdrawal)",ER.H2O.FWAG.ZS,67.6543209877
Barbados,BRB,2004,"Annual freshwater withdrawals, agriculture (% of total freshwater withdrawal)",ER.H2O.FWAG.ZS,67.6543209877
Barbados,BRB,2003,"Annual freshwater withdrawals, agriculture (% of total freshwater withdrawal)",ER.H2O.FWAG.ZS,67.6543209877
Barbados,BRB,2002,"Annual freshwater withdrawals, agriculture (% of total freshwater withdrawal)",ER.H2O.FWAG.ZS,67.6543209877
Barbados,BRB,2001,"Annual freshwater withdrawals, agriculture (% of total freshwater withdrawal)",ER.H2O.FWAG.ZS,67.6543209877
Barbados,BRB,2000,"Annual freshwater withdrawals, agriculture (% of total freshwater withdrawal)",ER.H2O.FWAG.ZS,67.6543209877
Barbados,BRB,1999,"Annual freshwater withdrawals, agriculture (% of total freshwater withdrawal)",ER.H2O.FWAG.ZS,67.6543209877
Barbados,BRB,1998,"Annual freshwater withdrawals, agriculture (% of total freshwater withdrawal)",ER.H2O.FWAG.ZS,67.6543209877
Barbados,BRB,1997,"Annual freshwater withdrawals, agriculture (% of total freshwater withdrawal)",ER.H2O.FWAG.ZS,67.6543209877
Barbados,BRB,1996,"Annual freshwater withdrawals, agriculture (% of total freshwater withdrawal)",ER.H2O.FWAG.ZS,67.6543209877
Barbados,BRB,1995,"Annual freshwater withdrawals, agriculture (% of total freshwater withdrawal)",ER.H2O.FWAG.ZS,68.9308176101
Barbados,BRB,1994,"Annual freshwater withdrawals, agriculture (% of total freshwater withdrawal)",ER.H2O.FWAG.ZS,70.2564102564
Barbados,BRB,1993,"Annual freshwater withdrawals, agriculture (% of total freshwater withdrawal)",ER.H2O.FWAG.ZS,71.6339869281
Barbados,BRB,1992,"Annual freshwater withdrawals, agriculture (% of total freshwater withdrawal)",ER.H2O.FWAG.ZS,73.0666666667
Barbados,BRB,1991,"Annual freshwater withdrawals, agriculture (% of total freshwater withdrawal)",ER.H2O.FWAG.ZS,74.5578231293
Barbados,BRB,1990,"Annual freshwater withdrawals, agriculture (% of total freshwater withdrawal)",ER.H2O.FWAG.ZS,76.1111111111
Barbados,BRB,1989,"Annual freshwater withdrawals, agriculture (% of total freshwater withdrawal)",ER.H2O.FWAG.ZS,77.7304964539
Barbados,BRB,2021,"Annual freshwater withdrawals, domestic (% of total freshwater withdrawal)",ER.H2O.FWDM.ZS,24.6913580247
Barbados,BRB,2020,"Annual freshwater withdrawals, domestic (% of total freshwater withdrawal)",ER.H2O.FWDM.ZS,24.6913580247
Barbados,BRB,2019,"Annual freshwater withdrawals, domestic (% of total freshwater withdrawal)",ER.H2O.FWDM.ZS,24.6913580247
Barbados,BRB,2018,"Annual freshwater withdrawals, domestic (% of total freshwater withdrawal)",ER.H2O.FWDM.ZS,24.6913580247
Barbados,BRB,2017,"Annual freshwater withdrawals, domestic (% of total freshwater withdrawal)",ER.H2O.FWDM.ZS,24.6913580247
Barbados,BRB,2016,"Annual freshwater withdrawals, domestic (% of total freshwater withdrawal)",ER.H2O.FWDM.ZS,24.6913580247
Barbados,BRB,2015,"Annual freshwater withdrawals, domestic (% of total freshwater withdrawal)",ER.H2O.FWDM.ZS,24.6913580247
Barbados,BRB,2014,"Annual freshwater withdrawals, domestic (% of total freshwater withdrawal)",ER.H2O.FWDM.ZS,24.6913580247
Barbados,BRB,2013,"Annual freshwater withdrawals, domestic (% of total freshwater withdrawal)",ER.H2O.FWDM.ZS,24.6913580247
Barbados,BRB,2012,"Annual freshwater withdrawals, domestic (% of total freshwater withdrawal)",ER.H2O.FWDM.ZS,24.6913580247
Barbados,BRB,2011,"Annual freshwater withdrawals, domestic (% of total freshwater withdrawal)",ER.H2O.FWDM.ZS,24.6913580247
Barbados,BRB,2010,"Annual freshwater withdrawals, domestic (% of total freshwater withdrawal)",ER.H2O.FWDM.ZS,24.6913580247
Barbados,BRB,2009,"Annual freshwater withdrawals, domestic (% of total freshwater withdrawal)",ER.H2O.FWDM.ZS,24.6913580247
Barbados,BRB,2008,"Annual freshwater withdrawals, domestic (% of total freshwater withdrawal)",ER.H2O.FWDM.ZS,24.6913580247
Barbados,BRB,2007,"Annual freshwater withdrawals, domestic (% of total freshwater withdrawal)",ER.H2O.FWDM.ZS,24.6913580247
Barbados,BRB,2006,"Annual freshwater withdrawals, domestic (% of total freshwater withdrawal)",ER.H2O.FWDM.ZS,24.6913580247
Barbados,BRB,2005,"Annual freshwater withdrawals, domestic (% of total freshwater withdrawal)",ER.H2O.FWDM.ZS,24.6913580247
Barbados,BRB,2004,"Annual freshwater withdrawals, domestic (% of total freshwater withdrawal)",ER.H2O.FWDM.ZS,24.6913580247
Barbados,BRB,2003,"Annual freshwater withdrawals, domestic (% of total freshwater withdrawal)",ER.H2O.FWDM.ZS,24.6913580247
Barbados,BRB,2002,"Annual freshwater withdrawals, domestic (% of total freshwater withdrawal)",ER.H2O.FWDM.ZS,24.6913580247
Barbados,BRB,2001,"Annual freshwater withdrawals, domestic (% of total freshwater withdrawal)",ER.H2O.FWDM.ZS,24.6913580247
Barbados,BRB,2000,"Annual freshwater withdrawals, domestic (% of total freshwater withdrawal)",ER.H2O.FWDM.ZS,24.6913580247
Barbados,BRB,1999,"Annual freshwater withdrawals, domestic (% of total freshwater withdrawal)",ER.H2O.FWDM.ZS,24.6913580247
Barbados,BRB,1998,"Annual freshwater withdrawals, domestic (% of total freshwater withdrawal)",ER.H2O.FWDM.ZS,24.6913580247
Barbados,BRB,1997,"Annual freshwater withdrawals, domestic (% of total freshwater withdrawal)",ER.H2O.FWDM.ZS,24.6913580247
Barbados,BRB,1996,"Annual freshwater withdrawals, domestic (% of total freshwater withdrawal)",ER.H2O.FWDM.ZS,24.6913580247
Barbados,BRB,2021,"Annual freshwater withdrawals, industry (% of total freshwater withdrawal)",ER.H2O.FWIN.ZS,7.6543209877
Barbados,BRB,2020,"Annual freshwater withdrawals, industry (% of total freshwater withdrawal)",ER.H2O.FWIN.ZS,7.6543209877
Barbados,BRB,2019,"Annual freshwater withdrawals, industry (% of total freshwater withdrawal)",ER.H2O.FWIN.ZS,7.6543209877
Barbados,BRB,2018,"Annual freshwater withdrawals, industry (% of total freshwater withdrawal)",ER.H2O.FWIN.ZS,7.6543209877
Barbados,BRB,2017,"Annual freshwater withdrawals, industry (% of total freshwater withdrawal)",ER.H2O.FWIN.ZS,7.6543209877
Barbados,BRB,2016,"Annual freshwater withdrawals, industry (% of total freshwater withdrawal)",ER.H2O.FWIN.ZS,7.6543209877
Barbados,BRB,2015,"Annual freshwater withdrawals, industry (% of total freshwater withdrawal)",ER.H2O.FWIN.ZS,7.6543209877
Barbados,BRB,2014,"Annual freshwater withdrawals, industry (% of total freshwater withdrawal)",ER.H2O.FWIN.ZS,7.6543209877
Barbados,BRB,2013,"Annual freshwater withdrawals, industry (% of total freshwater withdrawal)",ER.H2O.FWIN.ZS,7.6543209877
Barbados,BRB,2012,"Annual freshwater withdrawals, industry (% of total freshwater withdrawal)",ER.H2O.FWIN.ZS,7.6543209877
Barbados,BRB,2011,"Annual freshwater withdrawals, industry (% of total freshwater withdrawal)",ER.H2O.FWIN.ZS,7.6543209877
Barbados,BRB,2010,"Annual freshwater withdrawals, industry (% of total freshwater withdrawal)",ER.H2O.FWIN.ZS,7.6543209877
Barbados,BRB,2009,"Annual freshwater withdrawals, industry (% of total freshwater withdrawal)",ER.H2O.FWIN.ZS,7.6543209877
Barbados,BRB,2008,"Annual freshwater withdrawals, industry (% of total freshwater withdrawal)",ER.H2O.FWIN.ZS,7.6543209877
Barbados,BRB,2007,"Annual freshwater withdrawals, industry (% of total freshwater withdrawal)",ER.H2O.FWIN.ZS,7.6543209877
Barbados,BRB,2006,"Annual freshwater withdrawals, industry (% of total freshwater withdrawal)",ER.H2O.FWIN.ZS,7.6543209877
Barbados,BRB,2005,"Annual freshwater withdrawals, industry (% of total freshwater withdrawal)",ER.H2O.FWIN.ZS,7.6543209877
Barbados,BRB,2004,"Annual freshwater withdrawals, industry (% of total freshwater withdrawal)",ER.H2O.FWIN.ZS,7.6543209877
Barbados,BRB,2003,"Annual freshwater withdrawals, industry (% of total freshwater withdrawal)",ER.H2O.FWIN.ZS,7.6543209877
Barbados,BRB,2002,"Annual freshwater withdrawals, industry (% of total freshwater withdrawal)",ER.H2O.FWIN.ZS,7.6543209877
Barbados,BRB,2001,"Annual freshwater withdrawals, industry (% of total freshwater withdrawal)",ER.H2O.FWIN.ZS,7.6543209877
Barbados,BRB,2000,"Annual freshwater withdrawals, industry (% of total freshwater withdrawal)",ER.H2O.FWIN.ZS,7.6543209877
Barbados,BRB,1999,"Annual freshwater withdrawals, industry (% of total freshwater withdrawal)",ER.H2O.FWIN.ZS,7.6543209877
Barbados,BRB,1998,"Annual freshwater withdrawals, industry (% of total freshwater withdrawal)",ER.H2O.FWIN.ZS,7.6543209877
Barbados,BRB,1997,"Annual freshwater withdrawals, industry (% of total freshwater withdrawal)",ER.H2O.FWIN.ZS,7.6543209877
Barbados,BRB,1996,"Annual freshwater withdrawals, industry (% of total freshwater withdrawal)",ER.H2O.FWIN.ZS,7.6543209877
Barbados,BRB,2021,"Annual freshwater withdrawals, total (billion cubic meters)",ER.H2O.FWTL.K3,0.07
Barbados,BRB,2020,"Annual freshwater withdrawals, total (billion cubic meters)",ER.H2O.FWTL.K3,0.07
Barbados,BRB,2019,"Annual freshwater withdrawals, total (billion cubic meters)",ER.H2O.FWTL.K3,0.07
Barbados,BRB,2018,"Annual freshwater withdrawals, total (billion cubic meters)",ER.H2O.FWTL.K3,0.07
Barbados,BRB,2017,"Annual freshwater withdrawals, total (billion cubic meters)",ER.H2O.FWTL.K3,0.07
Barbados,BRB,2016,"Annual freshwater withdrawals, total (billion cubic meters)",ER.H2O.FWTL.K3,0.07
Barbados,BRB,2015,"Annual freshwater withdrawals, total (billion cubic meters)",ER.H2O.FWTL.K3,0.07
Barbados,BRB,2014,"Annual freshwater withdrawals, total (billion cubic meters)",ER.H2O.FWTL.K3,0.07
Barbados,BRB,2013,"Annual freshwater withdrawals, total (billion cubic meters)",ER.H2O.FWTL.K3,0.07
Barbados,BRB,2012,"Annual freshwater withdrawals, total (billion cubic meters)",ER.H2O.FWTL.K3,0.07
Barbados,BRB,2011,"Annual freshwater withdrawals, total (billion cubic meters)",ER.H2O.FWTL.K3,0.07
Barbados,BRB,2010,"Annual freshwater withdrawals, total (billion cubic meters)",ER.H2O.FWTL.K3,0.07
Barbados,BRB,2009,"Annual freshwater withdrawals, total (billion cubic meters)",ER.H2O.FWTL.K3,0.07
Barbados,BRB,2008,"Annual freshwater withdrawals, total (billion cubic meters)",ER.H2O.FWTL.K3,0.07
Barbados,BRB,2007,"Annual freshwater withdrawals, total (billion cubic meters)",ER.H2O.FWTL.K3,0.07
Barbados,BRB,2006,"Annual freshwater withdrawals, total (billion cubic meters)",ER.H2O.FWTL.K3,0.07
Barbados,BRB,2005,"Annual freshwater withdrawals, total (billion cubic meters)",ER.H2O.FWTL.K3,0.07
Barbados,BRB,2004,"Annual freshwater withdrawals, total (billion cubic meters)",ER.H2O.FWTL.K3,0.081
Barbados,BRB,2003,"Annual freshwater withdrawals, total (billion cubic meters)",ER.H2O.FWTL.K3,0.081
Barbados,BRB,2002,"Annual freshwater withdrawals, total (billion cubic meters)",ER.H2O.FWTL.K3,0.081
Barbados,BRB,2001,"Annual freshwater withdrawals, total (billion cubic meters)",ER.H2O.FWTL.K3,0.081
Barbados,BRB,2000,"Annual freshwater withdrawals, total (billion cubic meters)",ER.H2O.FWTL.K3,0.081
Barbados,BRB,1999,"Annual freshwater withdrawals, total (billion cubic meters)",ER.H2O.FWTL.K3,0.081
Barbados,BRB,1998,"Annual freshwater withdrawals, total (billion cubic meters)",ER.H2O.FWTL.K3,0.081
Barbados,BRB,1997,"Annual freshwater withdrawals, total (billion cubic meters)",ER.H2O.FWTL.K3,0.081
Barbados,BRB,1996,"Annual freshwater withdrawals, total (billion cubic meters)",ER.H2O.FWTL.K3,0.081
Barbados,BRB,1995,"Annual freshwater withdrawals, total (billion cubic meters)",ER.H2O.FWTL.K3,0.0795
Barbados,BRB,1994,"Annual freshwater withdrawals, total (billion cubic meters)",ER.H2O.FWTL.K3,0.078
Barbados,BRB,1993,"Annual freshwater withdrawals, total (billion cubic meters)",ER.H2O.FWTL.K3,0.0765
Barbados,BRB,1992,"Annual freshwater withdrawals, total (billion cubic meters)",ER.H2O.FWTL.K3,0.075
Barbados,BRB,1991,"Annual freshwater withdrawals, total (billion cubic meters)",ER.H2O.FWTL.K3,0.0735
Barbados,BRB,1990,"Annual freshwater withdrawals, total (billion cubic meters)",ER.H2O.FWTL.K3,0.072
Barbados,BRB,1989,"Annual freshwater withdrawals, total (billion cubic meters)",ER.H2O.FWTL.K3,0.0705
Barbados,BRB,1988,"Annual freshwater withdrawals, total (billion cubic meters)",ER.H2O.FWTL.K3,0.069
Barbados,BRB,1987,"Annual freshwater withdrawals, total (billion cubic meters)",ER.H2O.FWTL.K3,0.0675
Barbados,BRB,1986,"Annual freshwater withdrawals, total (billion cubic meters)",ER.H2O.FWTL.K3,0.066
Barbados,BRB,1985,"Annual freshwater withdrawals, total (billion cubic meters)",ER.H2O.FWTL.K3,0.0645
Barbados,BRB,1984,"Annual freshwater withdrawals, total (billion cubic meters)",ER.H2O.FWTL.K3,0.063
Barbados,BRB,1983,"Annual freshwater withdrawals, total (billion cubic meters)",ER.H2O.FWTL.K3,0.0615
Barbados,BRB,1982,"Annual freshwater withdrawals, total (billion cubic meters)",ER.H2O.FWTL.K3,0.06
Barbados,BRB,1981,"Annual freshwater withdrawals, total (billion cubic meters)",ER.H2O.FWTL.K3,0.0585
Barbados,BRB,1980,"Annual freshwater withdrawals, total (billion cubic meters)",ER.H2O.FWTL.K3,0.057
Barbados,BRB,1979,"Annual freshwater withdrawals, total (billion cubic meters)",ER.H2O.FWTL.K3,0.0555
Barbados,BRB,1978,"Annual freshwater withdrawals, total (billion cubic meters)",ER.H2O.FWTL.K3,0.054
Barbados,BRB,1977,"Annual freshwater withdrawals, total (billion cubic meters)",ER.H2O.FWTL.K3,0.0525
Barbados,BRB,1976,"Annual freshwater withdrawals, total (billion cubic meters)",ER.H2O.FWTL.K3,0.051
Barbados,BRB,1975,"Annual freshwater withdrawals, total (billion cubic meters)",ER.H2O.FWTL.K3,0.0495
Barbados,BRB,1974,"Annual freshwater withdrawals, total (billion cubic meters)",ER.H2O.FWTL.K3,0.048
Barbados,BRB,1973,"Annual freshwater withdrawals, total (billion cubic meters)",ER.H2O.FWTL.K3,0.0465
Barbados,BRB,1972,"Annual freshwater withdrawals, total (billion cubic meters)",ER.H2O.FWTL.K3,0.045
Barbados,BRB,1971,"Annual freshwater withdrawals, total (billion cubic meters)",ER.H2O.FWTL.K3,0.0435
Barbados,BRB,1970,"Annual freshwater withdrawals, total (billion cubic meters)",ER.H2O.FWTL.K3,0.042
Barbados,BRB,1969,"Annual freshwater withdrawals, total (billion cubic meters)",ER.H2O.FWTL.K3,0.0405
Barbados,BRB,1968,"Annual freshwater withdrawals, total (billion cubic meters)",ER.H2O.FWTL.K3,0.039
Barbados,BRB,1967,"Annual freshwater withdrawals, total (billion cubic meters)",ER.H2O.FWTL.K3,0.0375
Barbados,BRB,1966,"Annual freshwater withdrawals, total (billion cubic meters)",ER.H2O.FWTL.K3,0.036
Barbados,BRB,1965,"Annual freshwater withdrawals, total (billion cubic meters)",ER.H2O.FWTL.K3,0.0345
Barbados,BRB,1964,"Annual freshwater withdrawals, total (billion cubic meters)",ER.H2O.FWTL.K3,0.033
Barbados,BRB,1963,"Annual freshwater withdrawals, total (billion cubic meters)",ER.H2O.FWTL.K3,0.0315
Barbados,BRB,1962,"Annual freshwater withdrawals, total (billion cubic meters)",ER.H2O.FWTL.K3,0.03
Barbados,BRB,2021,"Annual freshwater withdrawals, total (% of internal resources)",ER.H2O.FWTL.ZS,87.5
Barbados,BRB,2020,"Annual freshwater withdrawals, total (% of internal resources)",ER.H2O.FWTL.ZS,87.5
Barbados,BRB,2019,"Annual freshwater withdrawals, total (% of internal resources)",ER.H2O.FWTL.ZS,87.5
Barbados,BRB,2018,"Annual freshwater withdrawals, total (% of internal resources)",ER.H2O.FWTL.ZS,87.5
Barbados,BRB,2017,"Annual freshwater withdrawals, total (% of internal resources)",ER.H2O.FWTL.ZS,87.5
Barbados,BRB,2016,"Annual freshwater withdrawals, total (% of internal resources)",ER.H2O.FWTL.ZS,87.5
Barbados,BRB,2015,"Annual freshwater withdrawals, total (% of internal resources)",ER.H2O.FWTL.ZS,87.5
Barbados,BRB,2014,"Annual freshwater withdrawals, total (% of internal resources)",ER.H2O.FWTL.ZS,87.5
Barbados,BRB,2013,"Annual freshwater withdrawals, total (% of internal resources)",ER.H2O.FWTL.ZS,87.5
Barbados,BRB,2012,"Annual freshwater withdrawals, total (% of internal resources)",ER.H2O.FWTL.ZS,87.5
Barbados,BRB,2011,"Annual freshwater withdrawals, total (% of internal resources)",ER.H2O.FWTL.ZS,87.5
Barbados,BRB,2010,"Annual freshwater withdrawals, total (% of internal resources)",ER.H2O.FWTL.ZS,87.5
Barbados,BRB,2009,"Annual freshwater withdrawals, total (% of internal resources)",ER.H2O.FWTL.ZS,87.5
Barbados,BRB,2008,"Annual freshwater withdrawals, total (% of internal resources)",ER.H2O.FWTL.ZS,87.5
Barbados,BRB,2007,"Annual freshwater withdrawals, total (% of internal resources)",ER.H2O.FWTL.ZS,87.5
Barbados,BRB,2006,"Annual freshwater withdrawals, total (% of internal resources)",ER.H2O.FWTL.ZS,87.5
Barbados,BRB,2005,"Annual freshwater withdrawals, total (% of internal resources)",ER.H2O.FWTL.ZS,87.5
Barbados,BRB,2004,"Annual freshwater withdrawals, total (% of internal resources)",ER.H2O.FWTL.ZS,101.25
Barbados,BRB,2003,"Annual freshwater withdrawals, total (% of internal resources)",ER.H2O.FWTL.ZS,101.25
Barbados,BRB,2002,"Annual freshwater withdrawals, total (% of internal resources)",ER.H2O.FWTL.ZS,101.25
Barbados,BRB,2001,"Annual freshwater withdrawals, total (% of internal resources)",ER.H2O.FWTL.ZS,101.25
Barbados,BRB,2000,"Annual freshwater withdrawals, total (% of internal resources)",ER.H2O.FWTL.ZS,101.25
Barbados,BRB,1999,"Annual freshwater withdrawals, total (% of internal resources)",ER.H2O.FWTL.ZS,101.25
Barbados,BRB,1998,"Annual freshwater withdrawals, total (% of internal resources)",ER.H2O.FWTL.ZS,101.25
Barbados,BRB,1997,"Annual freshwater withdrawals, total (% of internal resources)",ER.H2O.FWTL.ZS,101.25
Barbados,BRB,1996,"Annual freshwater withdrawals, total (% of internal resources)",ER.H2O.FWTL.ZS,101.25
Barbados,BRB,1995,"Annual freshwater withdrawals, total (% of internal resources)",ER.H2O.FWTL.ZS,99.375
Barbados,BRB,1994,"Annual freshwater withdrawals, total (% of internal resources)",ER.H2O.FWTL.ZS,97.5
Barbados,BRB,1993,"Annual freshwater withdrawals, total (% of internal resources)",ER.H2O.FWTL.ZS,95.625
Barbados,BRB,1992,"Annual freshwater withdrawals, total (% of internal resources)",ER.H2O.FWTL.ZS,93.75
Barbados,BRB,1991,"Annual freshwater withdrawals, total (% of internal resources)",ER.H2O.FWTL.ZS,91.875
Barbados,BRB,1990,"Annual freshwater withdrawals, total (% of internal resources)",ER.H2O.FWTL.ZS,90
Barbados,BRB,1989,"Annual freshwater withdrawals, total (% of internal resources)",ER.H2O.FWTL.ZS,88.125
Barbados,BRB,1988,"Annual freshwater withdrawals, total (% of internal resources)",ER.H2O.FWTL.ZS,86.25
Barbados,BRB,1987,"Annual freshwater withdrawals, total (% of internal resources)",ER.H2O.FWTL.ZS,84.375
Barbados,BRB,1986,"Annual freshwater withdrawals, total (% of internal resources)",ER.H2O.FWTL.ZS,82.5
Barbados,BRB,1985,"Annual freshwater withdrawals, total (% of internal resources)",ER.H2O.FWTL.ZS,80.625
Barbados,BRB,1984,"Annual freshwater withdrawals, total (% of internal resources)",ER.H2O.FWTL.ZS,78.75
Barbados,BRB,1983,"Annual freshwater withdrawals, total (% of internal resources)",ER.H2O.FWTL.ZS,76.875
Barbados,BRB,1982,"Annual freshwater withdrawals, total (% of internal resources)",ER.H2O.FWTL.ZS,75
Barbados,BRB,1981,"Annual freshwater withdrawals, total (% of internal resources)",ER.H2O.FWTL.ZS,73.125
Barbados,BRB,1980,"Annual freshwater withdrawals, total (% of internal resources)",ER.H2O.FWTL.ZS,71.25
Barbados,BRB,1979,"Annual freshwater withdrawals, total (% of internal resources)",ER.H2O.FWTL.ZS,69.375
Barbados,BRB,1978,"Annual freshwater withdrawals, total (% of internal resources)",ER.H2O.FWTL.ZS,67.5
Barbados,BRB,1977,"Annual freshwater withdrawals, total (% of internal resources)",ER.H2O.FWTL.ZS,65.625
Barbados,BRB,1976,"Annual freshwater withdrawals, total (% of internal resources)",ER.H2O.FWTL.ZS,63.75
Barbados,BRB,1975,"Annual freshwater withdrawals, total (% of internal resources)",ER.H2O.FWTL.ZS,61.875
Barbados,BRB,1974,"Annual freshwater withdrawals, total (% of internal resources)",ER.H2O.FWTL.ZS,60
Barbados,BRB,1973,"Annual freshwater withdrawals, total (% of internal resources)",ER.H2O.FWTL.ZS,58.125
Barbados,BRB,1972,"Annual freshwater withdrawals, total (% of internal resources)",ER.H2O.FWTL.ZS,56.25
Barbados,BRB,1971,"Annual freshwater withdrawals, total (% of internal resources)",ER.H2O.FWTL.ZS,54.375
Barbados,BRB,1970,"Annual freshwater withdrawals, total (% of internal resources)",ER.H2O.FWTL.ZS,52.5
Barbados,BRB,1969,"Annual freshwater withdrawals, total (% of internal resources)",ER.H2O.FWTL.ZS,50.625
Barbados,BRB,1968,"Annual freshwater withdrawals, total (% of internal resources)",ER.H2O.FWTL.ZS,48.75
Barbados,BRB,1967,"Annual freshwater withdrawals, total (% of internal resources)",ER.H2O.FWTL.ZS,46.875
Barbados,BRB,1966,"Annual freshwater withdrawals, total (% of internal resources)",ER.H2O.FWTL.ZS,45
Barbados,BRB,1965,"Annual freshwater withdrawals, total (% of internal resources)",ER.H2O.FWTL.ZS,43.125
Barbados,BRB,1964,"Annual freshwater withdrawals, total (% of internal resources)",ER.H2O.FWTL.ZS,41.25
Barbados,BRB,1963,"Annual freshwater withdrawals, total (% of internal resources)",ER.H2O.FWTL.ZS,39.375
Barbados,BRB,1962,"Annual freshwater withdrawals, total (% of internal resources)",ER.H2O.FWTL.ZS,37.5
Barbados,BRB,2021,"Renewable internal freshwater resources, total (billion cubic meters)",ER.H2O.INTR.K3,0.08
Barbados,BRB,2020,"Renewable internal freshwater resources, total (billion cubic meters)",ER.H2O.INTR.K3,0.08
Barbados,BRB,2019,"Renewable internal freshwater resources, total (billion cubic meters)",ER.H2O.INTR.K3,0.08
Barbados,BRB,2018,"Renewable internal freshwater resources, total (billion cubic meters)",ER.H2O.INTR.K3,0.08
Barbados,BRB,2017,"Renewable internal freshwater resources, total (billion cubic meters)",ER.H2O.INTR.K3,0.08
Barbados,BRB,2016,"Renewable internal freshwater resources, total (billion cubic meters)",ER.H2O.INTR.K3,0.08
Barbados,BRB,2015,"Renewable internal freshwater resources, total (billion cubic meters)",ER.H2O.INTR.K3,0.08
Barbados,BRB,2014,"Renewable internal freshwater resources, total (billion cubic meters)",ER.H2O.INTR.K3,0.08
Barbados,BRB,2013,"Renewable internal freshwater resources, total (billion cubic meters)",ER.H2O.INTR.K3,0.08
Barbados,BRB,2012,"Renewable internal freshwater resources, total (billion cubic meters)",ER.H2O.INTR.K3,0.08
Barbados,BRB,2011,"Renewable internal freshwater resources, total (billion cubic meters)",ER.H2O.INTR.K3,0.08
Barbados,BRB,2010,"Renewable internal freshwater resources, total (billion cubic meters)",ER.H2O.INTR.K3,0.08
Barbados,BRB,2009,"Renewable internal freshwater resources, total (billion cubic meters)",ER.H2O.INTR.K3,0.08
Barbados,BRB,2008,"Renewable internal freshwater resources, total (billion cubic meters)",ER.H2O.INTR.K3,0.08
Barbados,BRB,2007,"Renewable internal freshwater resources, total (billion cubic meters)",ER.H2O.INTR.K3,0.08
Barbados,BRB,2006,"Renewable internal freshwater resources, total (billion cubic meters)",ER.H2O.INTR.K3,0.08
Barbados,BRB,2005,"Renewable internal freshwater resources, total (billion cubic meters)",ER.H2O.INTR.K3,0.08
Barbados,BRB,2004,"Renewable internal freshwater resources, total (billion cubic meters)",ER.H2O.INTR.K3,0.08
Barbados,BRB,2003,"Renewable internal freshwater resources, total (billion cubic meters)",ER.H2O.INTR.K3,0.08
Barbados,BRB,2002,"Renewable internal freshwater resources, total (billion cubic meters)",ER.H2O.INTR.K3,0.08
Barbados,BRB,2001,"Renewable internal freshwater resources, total (billion cubic meters)",ER.H2O.INTR.K3,0.08
Barbados,BRB,2000,"Renewable internal freshwater resources, total (billion cubic meters)",ER.H2O.INTR.K3,0.08
Barbados,BRB,1999,"Renewable internal freshwater resources, total (billion cubic meters)",ER.H2O.INTR.K3,0.08
Barbados,BRB,1998,"Renewable internal freshwater resources, total (billion cubic meters)",ER.H2O.INTR.K3,0.08
Barbados,BRB,1997,"Renewable internal freshwater resources, total (billion cubic meters)",ER.H2O.INTR.K3,0.08
Barbados,BRB,1996,"Renewable internal freshwater resources, total (billion cubic meters)",ER.H2O.INTR.K3,0.08
Barbados,BRB,1995,"Renewable internal freshwater resources, total (billion cubic meters)",ER.H2O.INTR.K3,0.08
Barbados,BRB,1994,"Renewable internal freshwater resources, total (billion cubic meters)",ER.H2O.INTR.K3,0.08
Barbados,BRB,1993,"Renewable internal freshwater resources, total (billion cubic meters)",ER.H2O.INTR.K3,0.08
Barbados,BRB,1992,"Renewable internal freshwater resources, total (billion cubic meters)",ER.H2O.INTR.K3,0.08
Barbados,BRB,1991,"Renewable internal freshwater resources, total (billion cubic meters)",ER.H2O.INTR.K3,0.08
Barbados,BRB,1990,"Renewable internal freshwater resources, total (billion cubic meters)",ER.H2O.INTR.K3,0.08
Barbados,BRB,1989,"Renewable internal freshwater resources, total (billion cubic meters)",ER.H2O.INTR.K3,0.08
Barbados,BRB,1988,"Renewable internal freshwater resources, total (billion cubic meters)",ER.H2O.INTR.K3,0.08
Barbados,BRB,1987,"Renewable internal freshwater resources, total (billion cubic meters)",ER.H2O.INTR.K3,0.08
Barbados,BRB,1986,"Renewable internal freshwater resources, total (billion cubic meters)",ER.H2O.INTR.K3,0.08
Barbados,BRB,1985,"Renewable internal freshwater resources, total (billion cubic meters)",ER.H2O.INTR.K3,0.08
Barbados,BRB,1984,"Renewable internal freshwater resources, total (billion cubic meters)",ER.H2O.INTR.K3,0.08
Barbados,BRB,1983,"Renewable internal freshwater resources, total (billion cubic meters)",ER.H2O.INTR.K3,0.08
Barbados,BRB,1982,"Renewable internal freshwater resources, total (billion cubic meters)",ER.H2O.INTR.K3,0.08
Barbados,BRB,1981,"Renewable internal freshwater resources, total (billion cubic meters)",ER.H2O.INTR.K3,0.08
Barbados,BRB,1980,"Renewable internal freshwater resources, total (billion cubic meters)",ER.H2O.INTR.K3,0.08
Barbados,BRB,1979,"Renewable internal freshwater resources, total (billion cubic meters)",ER.H2O.INTR.K3,0.08
Barbados,BRB,1978,"Renewable internal freshwater resources, total (billion cubic meters)",ER.H2O.INTR.K3,0.08
Barbados,BRB,1977,"Renewable internal freshwater resources, total (billion cubic meters)",ER.H2O.INTR.K3,0.08
Barbados,BRB,1976,"Renewable internal freshwater resources, total (billion cubic meters)",ER.H2O.INTR.K3,0.08
Barbados,BRB,1975,"Renewable internal freshwater resources, total (billion cubic meters)",ER.H2O.INTR.K3,0.08
Barbados,BRB,1974,"Renewable internal freshwater resources, total (billion cubic meters)",ER.H2O.INTR.K3,0.08
Barbados,BRB,1973,"Renewable internal freshwater resources, total (billion cubic meters)",ER.H2O.INTR.K3,0.08
Barbados,BRB,1972,"Renewable internal freshwater resources, total (billion cubic meters)",ER.H2O.INTR.K3,0.08
Barbados,BRB,1971,"Renewable internal freshwater resources, total (billion cubic meters)",ER.H2O.INTR.K3,0.08
Barbados,BRB,1970,"Renewable internal freshwater resources, total (billion cubic meters)",ER.H2O.INTR.K3,0.08
Barbados,BRB,1969,"Renewable internal freshwater resources, total (billion cubic meters)",ER.H2O.INTR.K3,0.08
Barbados,BRB,1968,"Renewable internal freshwater resources, total (billion cubic meters)",ER.H2O.INTR.K3,0.08
Barbados,BRB,1967,"Renewable internal freshwater resources, total (billion cubic meters)",ER.H2O.INTR.K3,0.08
Barbados,BRB,1966,"Renewable internal freshwater resources, total (billion cubic meters)",ER.H2O.INTR.K3,0.08
Barbados,BRB,1965,"Renewable internal freshwater resources, total (billion cubic meters)",ER.H2O.INTR.K3,0.08
Barbados,BRB,1964,"Renewable internal freshwater resources, total (billion cubic meters)",ER.H2O.INTR.K3,0.08
Barbados,BRB,1963,"Renewable internal freshwater resources, total (billion cubic meters)",ER.H2O.INTR.K3,0.08
Barbados,BRB,1962,"Renewable internal freshwater resources, total (billion cubic meters)",ER.H2O.INTR.K3,0.08
Barbados,BRB,1961,"Renewable internal freshwater resources, total (billion cubic meters)",ER.H2O.INTR.K3,0.08
Barbados,BRB,2021,Renewable internal freshwater resources per capita (cubic meters),ER.H2O.INTR.PC,283.540140423255
Barbados,BRB,2020,Renewable internal freshwater resources per capita (cubic meters),ER.H2O.INTR.PC,283.992076621062
Barbados,BRB,2019,Renewable internal freshwater resources per capita (cubic meters),ER.H2O.INTR.PC,284.487939489415
Barbados,BRB,2018,Renewable internal freshwater resources per capita (cubic meters),ER.H2O.INTR.PC,284.99061312168
Barbados,BRB,2017,Renewable internal freshwater resources per capita (cubic meters),ER.H2O.INTR.PC,285.539902416738
Barbados,BRB,2016,Renewable internal freshwater resources per capita (cubic meters),ER.H2O.INTR.PC,286.125079578538
Barbados,BRB,2015,Renewable internal freshwater resources per capita (cubic meters),ER.H2O.INTR.PC,286.748628983118
Barbados,BRB,2014,Renewable internal freshwater resources per capita (cubic meters),ER.H2O.INTR.PC,287.410004742265
Barbados,BRB,2013,Renewable internal freshwater resources per capita (cubic meters),ER.H2O.INTR.PC,288.11697549205
Barbados,BRB,2012,Renewable internal freshwater resources per capita (cubic meters),ER.H2O.INTR.PC,288.873321826546
Barbados,BRB,2011,Renewable internal freshwater resources per capita (cubic meters),ER.H2O.INTR.PC,289.709168208764
Barbados,BRB,2010,Renewable internal freshwater resources per capita (cubic meters),ER.H2O.INTR.PC,290.652260002979
Barbados,BRB,2009,Renewable internal freshwater resources per capita (cubic meters),ER.H2O.INTR.PC,291.839794544785
Barbados,BRB,2008,Renewable internal freshwater resources per capita (cubic meters),ER.H2O.INTR.PC,293.347609583666
Barbados,BRB,2007,Renewable internal freshwater resources per capita (cubic meters),ER.H2O.INTR.PC,294.889563858335
Barbados,BRB,2006,Renewable internal freshwater resources per capita (cubic meters),ER.H2O.INTR.PC,296.294101525174
Barbados,BRB,2005,Renewable internal freshwater resources per capita (cubic meters),ER.H2O.INTR.PC,297.723162117705
Barbados,BRB,2004,Renewable internal freshwater resources per capita (cubic meters),ER.H2O.INTR.PC,299.291427545287
Barbados,BRB,2003,Renewable internal freshwater resources per capita (cubic meters),ER.H2O.INTR.PC,301.005357895371
Barbados,BRB,2002,Renewable internal freshwater resources per capita (cubic meters),ER.H2O.INTR.PC,302.860517588625
Barbados,BRB,2001,Renewable internal freshwater resources per capita (cubic meters),ER.H2O.INTR.PC,304.84900447747
Barbados,BRB,2000,Renewable internal freshwater resources per capita (cubic meters),ER.H2O.INTR.PC,305.270106806379
Barbados,BRB,1999,Renewable internal freshwater resources per capita (cubic meters),ER.H2O.INTR.PC,304.742169078574
Barbados,BRB,1998,Renewable internal freshwater resources per capita (cubic meters),ER.H2O.INTR.PC,304.836226737185
Barbados,BRB,1997,Renewable internal freshwater resources per capita (cubic meters),ER.H2O.INTR.PC,304.887344126345
Barbados,BRB,1996,Renewable internal freshwater resources per capita (cubic meters),ER.H2O.INTR.PC,305.012886794467
Barbados,BRB,1995,Renewable internal freshwater resources per capita (cubic meters),ER.H2O.INTR.PC,305.298066318372
Barbados,BRB,1994,Renewable internal freshwater resources per capita (cubic meters),ER.H2O.INTR.PC,305.787019341029
Barbados,BRB,1993,Renewable internal freshwater resources per capita (cubic meters),ER.H2O.INTR.PC,306.481704957725
Barbados,BRB,1992,Renewable internal freshwater resources per capita (cubic meters),ER.H2O.INTR.PC,307.376655511456
Barbados,BRB,1991,Renewable internal freshwater resources per capita (cubic meters),ER.H2O.INTR.PC,308.436113242319
Barbados,BRB,1990,Renewable internal freshwater resources per capita (cubic meters),ER.H2O.INTR.PC,309.379616523965
Barbados,BRB,1989,Renewable internal freshwater resources per capita (cubic meters),ER.H2O.INTR.PC,309.946572959486
Barbados,BRB,1988,Renewable internal freshwater resources per capita (cubic meters),ER.H2O.INTR.PC,310.362619926056
Barbados,BRB,1987,Renewable internal freshwater resources per capita (cubic meters),ER.H2O.INTR.PC,310.946482223578
Barbados,BRB,1986,Renewable internal freshwater resources per capita (cubic meters),ER.H2O.INTR.PC,311.747422238502
Barbados,BRB,1985,Renewable internal freshwater resources per capita (cubic meters),ER.H2O.INTR.PC,312.719881166445
Barbados,BRB,1984,Renewable internal freshwater resources per capita (cubic meters),ER.H2O.INTR.PC,313.823944766986
Barbados,BRB,1983,Renewable internal freshwater resources per capita (cubic meters),ER.H2O.INTR.PC,314.970550253551
Barbados,BRB,1982,Renewable internal freshwater resources per capita (cubic meters),ER.H2O.INTR.PC,316.086844860625
Barbados,BRB,1981,Renewable internal freshwater resources per capita (cubic meters),ER.H2O.INTR.PC,317.120545447338
Barbados,BRB,1980,Renewable internal freshwater resources per capita (cubic meters),ER.H2O.INTR.PC,318.061099537221
Barbados,BRB,1979,Renewable internal freshwater resources per capita (cubic meters),ER.H2O.INTR.PC,318.383883407822
Barbados,BRB,1978,Renewable internal freshwater resources per capita (cubic meters),ER.H2O.INTR.PC,318.026960735596
Barbados,BRB,1977,Renewable internal freshwater resources per capita (cubic meters),ER.H2O.INTR.PC,317.932169171707
Barbados,BRB,1976,Renewable internal freshwater resources per capita (cubic meters),ER.H2O.INTR.PC,318.16482528774
Barbados,BRB,1975,Renewable internal freshwater resources per capita (cubic meters),ER.H2O.INTR.PC,318.503035732059
Barbados,BRB,1974,Renewable internal freshwater resources per capita (cubic meters),ER.H2O.INTR.PC,319.008521515131
Barbados,BRB,1973,Renewable internal freshwater resources per capita (cubic meters),ER.H2O.INTR.PC,319.588370179209
Barbados,BRB,1972,Renewable internal freshwater resources per capita (cubic meters),ER.H2O.INTR.PC,320.438359676037
Barbados,BRB,1971,Renewable internal freshwater resources per capita (cubic meters),ER.H2O.INTR.PC,321.068516021319
Barbados,BRB,1970,Renewable internal freshwater resources per capita (cubic meters),ER.H2O.INTR.PC,320.78656866637
Barbados,BRB,1969,Renewable internal freshwater resources per capita (cubic meters),ER.H2O.INTR.PC,320.713266304261
Barbados,BRB,1968,Renewable internal freshwater resources per capita (cubic meters),ER.H2O.INTR.PC,321.879777902953
Barbados,BRB,1967,Renewable internal freshwater resources per capita (cubic meters),ER.H2O.INTR.PC,323.767356965652
Barbados,BRB,1966,Renewable internal freshwater resources per capita (cubic meters),ER.H2O.INTR.PC,326.535943443975
Barbados,BRB,1965,Renewable internal freshwater resources per capita (cubic meters),ER.H2O.INTR.PC,330.009859044539
Barbados,BRB,1964,Renewable internal freshwater resources per capita (cubic meters),ER.H2O.INTR.PC,333.391676876787
Barbados,BRB,1963,Renewable internal freshwater resources per capita (cubic meters),ER.H2O.INTR.PC,336.761282555345
Barbados,BRB,1962,Renewable internal freshwater resources per capita (cubic meters),ER.H2O.INTR.PC,340.10135020236
Barbados,BRB,1961,Renewable internal freshwater resources per capita (cubic meters),ER.H2O.INTR.PC,343.129685864773
Barbados,BRB,2016,"Industrial design applications, nonresident, by count",IP.IDS.NRCT,1
Barbados,BRB,2015,"Industrial design applications, nonresident, by count",IP.IDS.NRCT,3
Barbados,BRB,2013,"Industrial design applications, nonresident, by count",IP.IDS.NRCT,3
Barbados,BRB,2012,"Industrial design applications, nonresident, by count",IP.IDS.NRCT,1
Barbados,BRB,2011,"Industrial design applications, nonresident, by count",IP.IDS.NRCT,4
Barbados,BRB,2010,"Industrial design applications, nonresident, by count",IP.IDS.NRCT,2
Barbados,BRB,2009,"Industrial design applications, nonresident, by count",IP.IDS.NRCT,4
Barbados,BRB,2008,"Industrial design applications, nonresident, by count",IP.IDS.NRCT,4
Barbados,BRB,2007,"Industrial design applications, nonresident, by count",IP.IDS.NRCT,3
Barbados,BRB,2006,"Industrial design applications, nonresident, by count",IP.IDS.NRCT,1
Barbados,BRB,2005,"Industrial design applications, nonresident, by count",IP.IDS.NRCT,6
Barbados,BRB,2004,"Industrial design applications, nonresident, by count",IP.IDS.NRCT,1
Barbados,BRB,2003,"Industrial design applications, nonresident, by count",IP.IDS.NRCT,11
Barbados,BRB,2002,"Industrial design applications, nonresident, by count",IP.IDS.NRCT,2
Barbados,BRB,2001,"Industrial design applications, nonresident, by count",IP.IDS.NRCT,3
Barbados,BRB,1999,"Industrial design applications, nonresident, by count",IP.IDS.NRCT,5
Barbados,BRB,2017,"Industrial design applications, resident, by count",IP.IDS.RSCT,1
Barbados,BRB,2016,"Industrial design applications, resident, by count",IP.IDS.RSCT,3
Barbados,BRB,2015,"Industrial design applications, resident, by count",IP.IDS.RSCT,1
Barbados,BRB,2013,"Industrial design applications, resident, by count",IP.IDS.RSCT,2
Barbados,BRB,2012,"Industrial design applications, resident, by count",IP.IDS.RSCT,3
Barbados,BRB,2011,"Industrial design applications, resident, by count",IP.IDS.RSCT,3
Barbados,BRB,2010,"Industrial design applications, resident, by count",IP.IDS.RSCT,2
Barbados,BRB,2008,"Industrial design applications, resident, by count",IP.IDS.RSCT,1
Barbados,BRB,2007,"Industrial design applications, resident, by count",IP.IDS.RSCT,1
Barbados,BRB,2006,"Industrial design applications, resident, by count",IP.IDS.RSCT,1
Barbados,BRB,2005,"Industrial design applications, resident, by count",IP.IDS.RSCT,5
Barbados,BRB,2004,"Industrial design applications, resident, by count",IP.IDS.RSCT,1
Barbados,BRB,2003,"Industrial design applications, resident, by count",IP.IDS.RSCT,4
Barbados,BRB,2002,"Industrial design applications, resident, by count",IP.IDS.RSCT,5
Barbados,BRB,2001,"Industrial design applications, resident, by count",IP.IDS.RSCT,2
Barbados,BRB,1999,"Industrial design applications, resident, by count",IP.IDS.RSCT,2
Barbados,BRB,2021,"Trademark applications, nonresident, by count",IP.TMK.NRCT,793
Barbados,BRB,2020,"Trademark applications, nonresident, by count",IP.TMK.NRCT,752
Barbados,BRB,2019,"Trademark applications, nonresident, by count",IP.TMK.NRCT,799
Barbados,BRB,2017,"Trademark applications, nonresident, by count",IP.TMK.NRCT,840
Barbados,BRB,2016,"Trademark applications, nonresident, by count",IP.TMK.NRCT,892
Barbados,BRB,2015,"Trademark applications, nonresident, by count",IP.TMK.NRCT,1178
Barbados,BRB,2014,"Trademark applications, nonresident, by count",IP.TMK.NRCT,1337
Barbados,BRB,2013,"Trademark applications, nonresident, by count",IP.TMK.NRCT,959
Barbados,BRB,2012,"Trademark applications, nonresident, by count",IP.TMK.NRCT,1202
Barbados,BRB,2011,"Trademark applications, nonresident, by count",IP.TMK.NRCT,1229
Barbados,BRB,2010,"Trademark applications, nonresident, by count",IP.TMK.NRCT,1061
Barbados,BRB,2009,"Trademark applications, nonresident, by count",IP.TMK.NRCT,808
Barbados,BRB,2008,"Trademark applications, nonresident, by count",IP.TMK.NRCT,1079
Barbados,BRB,2007,"Trademark applications, nonresident, by count",IP.TMK.NRCT,1223
Barbados,BRB,2006,"Trademark applications, nonresident, by count",IP.TMK.NRCT,966
Barbados,BRB,2005,"Trademark applications, nonresident, by count",IP.TMK.NRCT,909
Barbados,BRB,2004,"Trademark applications, nonresident, by count",IP.TMK.NRCT,981
Barbados,BRB,2021,"Trademark applications, resident, by count",IP.TMK.RSCT,194
Barbados,BRB,2020,"Trademark applications, resident, by count",IP.TMK.RSCT,147
Barbados,BRB,2019,"Trademark applications, resident, by count",IP.TMK.RSCT,232
Barbados,BRB,2017,"Trademark applications, resident, by count",IP.TMK.RSCT,21
Barbados,BRB,2016,"Trademark applications, resident, by count",IP.TMK.RSCT,202
Barbados,BRB,2015,"Trademark applications, resident, by count",IP.TMK.RSCT,159
Barbados,BRB,2014,"Trademark applications, resident, by count",IP.TMK.RSCT,246
Barbados,BRB,2013,"Trademark applications, resident, by count",IP.TMK.RSCT,223
Barbados,BRB,2012,"Trademark applications, resident, by count",IP.TMK.RSCT,196
Barbados,BRB,2011,"Trademark applications, resident, by count",IP.TMK.RSCT,142
Barbados,BRB,2010,"Trademark applications, resident, by count",IP.TMK.RSCT,135
Barbados,BRB,2009,"Trademark applications, resident, by count",IP.TMK.RSCT,168
Barbados,BRB,2008,"Trademark applications, resident, by count",IP.TMK.RSCT,297
Barbados,BRB,2007,"Trademark applications, resident, by count",IP.TMK.RSCT,167
Barbados,BRB,2006,"Trademark applications, resident, by count",IP.TMK.RSCT,339
Barbados,BRB,2005,"Trademark applications, resident, by count",IP.TMK.RSCT,179
Barbados,BRB,2004,"Trademark applications, resident, by count",IP.TMK.RSCT,291
Barbados,BRB,1991,"Air transport, registered carrier departures worldwide",IS.AIR.DPRT,700
Barbados,BRB,1990,"Air transport, registered carrier departures worldwide",IS.AIR.DPRT,700
Barbados,BRB,1989,"Air transport, registered carrier departures worldwide",IS.AIR.DPRT,700
Barbados,BRB,1988,"Air transport, registered carrier departures worldwide",IS.AIR.DPRT,700
Barbados,BRB,1987,"Air transport, registered carrier departures worldwide",IS.AIR.DPRT,1100
Barbados,BRB,1986,"Air transport, registered carrier departures worldwide",IS.AIR.DPRT,1400
Barbados,BRB,1985,"Air transport, registered carrier departures worldwide",IS.AIR.DPRT,500
Barbados,BRB,1984,"Air transport, registered carrier departures worldwide",IS.AIR.DPRT,300
Barbados,BRB,1983,"Air transport, registered carrier departures worldwide",IS.AIR.DPRT,300
Barbados,BRB,1982,"Air transport, registered carrier departures worldwide",IS.AIR.DPRT,300
Barbados,BRB,1981,"Air transport, registered carrier departures worldwide",IS.AIR.DPRT,400
Barbados,BRB,1980,"Air transport, registered carrier departures worldwide",IS.AIR.DPRT,300
Barbados,BRB,1979,"Air transport, registered carrier departures worldwide",IS.AIR.DPRT,600
Barbados,BRB,1978,"Air transport, registered carrier departures worldwide",IS.AIR.DPRT,600
Barbados,BRB,1977,"Air transport, registered carrier departures worldwide",IS.AIR.DPRT,600
Barbados,BRB,1976,"Air transport, registered carrier departures worldwide",IS.AIR.DPRT,500
Barbados,BRB,1975,"Air transport, registered carrier departures worldwide",IS.AIR.DPRT,400
Barbados,BRB,1974,"Air transport, registered carrier departures worldwide",IS.AIR.DPRT,300
Barbados,BRB,1973,"Air transport, registered carrier departures worldwide",IS.AIR.DPRT,400
Barbados,BRB,1972,"Air transport, registered carrier departures worldwide",IS.AIR.DPRT,200
Barbados,BRB,1971,"Air transport, registered carrier departures worldwide",IS.AIR.DPRT,100
Barbados,BRB,1991,"Air transport, freight (million ton-km)",IS.AIR.GOOD.MT.K1,0.400000006
Barbados,BRB,1990,"Air transport, freight (million ton-km)",IS.AIR.GOOD.MT.K1,0.400000006
Barbados,BRB,1989,"Air transport, freight (million ton-km)",IS.AIR.GOOD.MT.K1,0.400000006
Barbados,BRB,1988,"Air transport, freight (million ton-km)",IS.AIR.GOOD.MT.K1,0.400000006
Barbados,BRB,1987,"Air transport, freight (million ton-km)",IS.AIR.GOOD.MT.K1,2.5999999046
Barbados,BRB,1986,"Air transport, freight (million ton-km)",IS.AIR.GOOD.MT.K1,4.3000001907
Barbados,BRB,1985,"Air transport, freight (million ton-km)",IS.AIR.GOOD.MT.K1,2.5999999046
Barbados,BRB,1984,"Air transport, freight (million ton-km)",IS.AIR.GOOD.MT.K1,0.3000000119
Barbados,BRB,1982,"Air transport, freight (million ton-km)",IS.AIR.GOOD.MT.K1,1.2999999523
Barbados,BRB,1981,"Air transport, freight (million ton-km)",IS.AIR.GOOD.MT.K1,0.3000000119
Barbados,BRB,1980,"Air transport, freight (million ton-km)",IS.AIR.GOOD.MT.K1,0.5
Barbados,BRB,1979,"Air transport, freight (million ton-km)",IS.AIR.GOOD.MT.K1,0.8999999762
Barbados,BRB,1978,"Air transport, freight (million ton-km)",IS.AIR.GOOD.MT.K1,0.8999999762
Barbados,BRB,1977,"Air transport, freight (million ton-km)",IS.AIR.GOOD.MT.K1,0.200000003
Barbados,BRB,1991,"Air transport, passengers carried",IS.AIR.PSGR,0
Barbados,BRB,1990,"Air transport, passengers carried",IS.AIR.PSGR,0
Barbados,BRB,1989,"Air transport, passengers carried",IS.AIR.PSGR,0
Barbados,BRB,1988,"Air transport, passengers carried",IS.AIR.PSGR,0
Barbados,BRB,1987,"Air transport, passengers carried",IS.AIR.PSGR,17000
Barbados,BRB,1986,"Air transport, passengers carried",IS.AIR.PSGR,52400
Barbados,BRB,1985,"Air transport, passengers carried",IS.AIR.PSGR,32400
Barbados,BRB,1984,"Air transport, passengers carried",IS.AIR.PSGR,55000
Barbados,BRB,1983,"Air transport, passengers carried",IS.AIR.PSGR,34500
Barbados,BRB,1982,"Air transport, passengers carried",IS.AIR.PSGR,43800
Barbados,BRB,1981,"Air transport, passengers carried",IS.AIR.PSGR,60800
Barbados,BRB,1980,"Air transport, passengers carried",IS.AIR.PSGR,45500
Barbados,BRB,1979,"Air transport, passengers carried",IS.AIR.PSGR,53900
Barbados,BRB,1978,"Air transport, passengers carried",IS.AIR.PSGR,50200
Barbados,BRB,1977,"Air transport, passengers carried",IS.AIR.PSGR,42300
Barbados,BRB,1976,"Air transport, passengers carried",IS.AIR.PSGR,33700
Barbados,BRB,1975,"Air transport, passengers carried",IS.AIR.PSGR,32600
Barbados,BRB,1974,"Air transport, passengers carried",IS.AIR.PSGR,25600
Barbados,BRB,1973,"Air transport, passengers carried",IS.AIR.PSGR,23700
Barbados,BRB,1972,"Air transport, passengers carried",IS.AIR.PSGR,19700
Barbados,BRB,1971,"Air transport, passengers carried",IS.AIR.PSGR,11500
Barbados,BRB,2021,Liner shipping connectivity index (maximum value in 2004 = 100),IS.SHP.GCNW.XQ,7.0170927504
Barbados,BRB,2020,Liner shipping connectivity index (maximum value in 2004 = 100),IS.SHP.GCNW.XQ,8.0065223588
Barbados,BRB,2019,Liner shipping connectivity index (maximum value in 2004 = 100),IS.SHP.GCNW.XQ,7.5310401283
Barbados,BRB,2018,Liner shipping connectivity index (maximum value in 2004 = 100),IS.SHP.GCNW.XQ,8.05733974
Barbados,BRB,2017,Liner shipping connectivity index (maximum value in 2004 = 100),IS.SHP.GCNW.XQ,8.2984627294
Barbados,BRB,2016,Liner shipping connectivity index (maximum value in 2004 = 100),IS.SHP.GCNW.XQ,8.9323175548
Barbados,BRB,2015,Liner shipping connectivity index (maximum value in 2004 = 100),IS.SHP.GCNW.XQ,7.2254263727
Barbados,BRB,2014,Liner shipping connectivity index (maximum value in 2004 = 100),IS.SHP.GCNW.XQ,7.6057603609
Barbados,BRB,2013,Liner shipping connectivity index (maximum value in 2004 = 100),IS.SHP.GCNW.XQ,7.912639869
Barbados,BRB,2012,Liner shipping connectivity index (maximum value in 2004 = 100),IS.SHP.GCNW.XQ,7.4785204289
Barbados,BRB,2011,Liner shipping connectivity index (maximum value in 2004 = 100),IS.SHP.GCNW.XQ,7.1812516046
Barbados,BRB,2010,Liner shipping connectivity index (maximum value in 2004 = 100),IS.SHP.GCNW.XQ,10.1315293537
Barbados,BRB,2009,Liner shipping connectivity index (maximum value in 2004 = 100),IS.SHP.GCNW.XQ,8.0150212972
Barbados,BRB,2008,Liner shipping connectivity index (maximum value in 2004 = 100),IS.SHP.GCNW.XQ,8.2281114609
Barbados,BRB,2007,Liner shipping connectivity index (maximum value in 2004 = 100),IS.SHP.GCNW.XQ,6.9680775942
Barbados,BRB,2006,Liner shipping connectivity index (maximum value in 2004 = 100),IS.SHP.GCNW.XQ,7.9181790965
Barbados,BRB,2022,Container port traffic (TEU: 20 foot equivalent units),IS.SHP.GOOD.TU,97000
Barbados,BRB,2021,Container port traffic (TEU: 20 foot equivalent units),IS.SHP.GOOD.TU,93899
Barbados,BRB,2020,Container port traffic (TEU: 20 foot equivalent units),IS.SHP.GOOD.TU,89460
Barbados,BRB,2019,Container port traffic (TEU: 20 foot equivalent units),IS.SHP.GOOD.TU,98435
Barbados,BRB,2018,Container port traffic (TEU: 20 foot equivalent units),IS.SHP.GOOD.TU,100952
Barbados,BRB,2017,Container port traffic (TEU: 20 foot equivalent units),IS.SHP.GOOD.TU,107098
Barbados,BRB,2016,Container port traffic (TEU: 20 foot equivalent units),IS.SHP.GOOD.TU,105321
Barbados,BRB,2015,Container port traffic (TEU: 20 foot equivalent units),IS.SHP.GOOD.TU,86508
Barbados,BRB,2014,Container port traffic (TEU: 20 foot equivalent units),IS.SHP.GOOD.TU,78432
Barbados,BRB,2013,Container port traffic (TEU: 20 foot equivalent units),IS.SHP.GOOD.TU,74923
Barbados,BRB,2012,Container port traffic (TEU: 20 foot equivalent units),IS.SHP.GOOD.TU,72163
Barbados,BRB,2011,Container port traffic (TEU: 20 foot equivalent units),IS.SHP.GOOD.TU,77051
Barbados,BRB,2010,Container port traffic (TEU: 20 foot equivalent units),IS.SHP.GOOD.TU,80424
Barbados,BRB,2009,Container port traffic (TEU: 20 foot equivalent units),IS.SHP.GOOD.TU,75015
Barbados,BRB,2008,Container port traffic (TEU: 20 foot equivalent units),IS.SHP.GOOD.TU,87255
Barbados,BRB,2007,Container port traffic (TEU: 20 foot equivalent units),IS.SHP.GOOD.TU,99626
Barbados,BRB,2022,Mobile cellular subscriptions,IT.CEL.SETS,323482
Barbados,BRB,2021,Mobile cellular subscriptions,IT.CEL.SETS,316633
Barbados,BRB,2020,Mobile cellular subscriptions,IT.CEL.SETS,295000
Barbados,BRB,2019,Mobile cellular subscriptions,IT.CEL.SETS,329326
Barbados,BRB,2018,Mobile cellular subscriptions,IT.CEL.SETS,329326
Barbados,BRB,2017,Mobile cellular subscriptions,IT.CEL.SETS,329565
Barbados,BRB,2016,Mobile cellular subscriptions,IT.CEL.SETS,332208
Barbados,BRB,2015,Mobile cellular subscriptions,IT.CEL.SETS,334792
Barbados,BRB,2014,Mobile cellular subscriptions,IT.CEL.SETS,305456
Barbados,BRB,2013,Mobile cellular subscriptions,IT.CEL.SETS,307708
Barbados,BRB,2012,Mobile cellular subscriptions,IT.CEL.SETS,349296
Barbados,BRB,2011,Mobile cellular subscriptions,IT.CEL.SETS,347917
Barbados,BRB,2010,Mobile cellular subscriptions,IT.CEL.SETS,350061
Barbados,BRB,2009,Mobile cellular subscriptions,IT.CEL.SETS,337061
Barbados,BRB,2008,Mobile cellular subscriptions,IT.CEL.SETS,288662
Barbados,BRB,2007,Mobile cellular subscriptions,IT.CEL.SETS,257596
Barbados,BRB,2006,Mobile cellular subscriptions,IT.CEL.SETS,237119
Barbados,BRB,2005,Mobile cellular subscriptions,IT.CEL.SETS,206190
Barbados,BRB,2004,Mobile cellular subscriptions,IT.CEL.SETS,200138
Barbados,BRB,2003,Mobile cellular subscriptions,IT.CEL.SETS,140000
Barbados,BRB,2002,Mobile cellular subscriptions,IT.CEL.SETS,97193
Barbados,BRB,2001,Mobile cellular subscriptions,IT.CEL.SETS,53111
Barbados,BRB,2000,Mobile cellular subscriptions,IT.CEL.SETS,28467
Barbados,BRB,1999,Mobile cellular subscriptions,IT.CEL.SETS,20309
Barbados,BRB,1998,Mobile cellular subscriptions,IT.CEL.SETS,12000
Barbados,BRB,1997,Mobile cellular subscriptions,IT.CEL.SETS,8013
Barbados,BRB,1996,Mobile cellular subscriptions,IT.CEL.SETS,6283
Barbados,BRB,1995,Mobile cellular subscriptions,IT.CEL.SETS,4614
Barbados,BRB,1994,Mobile cellular subscriptions,IT.CEL.SETS,2967
Barbados,BRB,1993,Mobile cellular subscriptions,IT.CEL.SETS,1560
Barbados,BRB,1992,Mobile cellular subscriptions,IT.CEL.SETS,796
Barbados,BRB,1991,Mobile cellular subscriptions,IT.CEL.SETS,486
Barbados,BRB,1990,Mobile cellular subscriptions,IT.CEL.SETS,0
Barbados,BRB,1989,Mobile cellular subscriptions,IT.CEL.SETS,0
Barbados,BRB,1988,Mobile cellular subscriptions,IT.CEL.SETS,0
Barbados,BRB,1987,Mobile cellular subscriptions,IT.CEL.SETS,0
Barbados,BRB,1986,Mobile cellular subscriptions,IT.CEL.SETS,0
Barbados,BRB,1985,Mobile cellular subscriptions,IT.CEL.SETS,0
Barbados,BRB,1984,Mobile cellular subscriptions,IT.CEL.SETS,0
Barbados,BRB,1983,Mobile cellular subscriptions,IT.CEL.SETS,0
Barbados,BRB,1982,Mobile cellular subscriptions,IT.CEL.SETS,0
Barbados,BRB,1981,Mobile cellular subscriptions,IT.CEL.SETS,0
Barbados,BRB,1980,Mobile cellular subscriptions,IT.CEL.SETS,0
Barbados,BRB,1979,Mobile cellular subscriptions,IT.CEL.SETS,0
Barbados,BRB,1978,Mobile cellular subscriptions,IT.CEL.SETS,0
Barbados,BRB,1977,Mobile cellular subscriptions,IT.CEL.SETS,0
Barbados,BRB,1976,Mobile cellular subscriptions,IT.CEL.SETS,0
Barbados,BRB,1975,Mobile cellular subscriptions,IT.CEL.SETS,0
Barbados,BRB,1970,Mobile cellular subscriptions,IT.CEL.SETS,0
Barbados,BRB,1965,Mobile cellular subscriptions,IT.CEL.SETS,0
Barbados,BRB,1960,Mobile cellular subscriptions,IT.CEL.SETS,0
Barbados,BRB,2022,Mobile cellular subscriptions (per 100 people),IT.CEL.SETS.P2,114.581
Barbados,BRB,2021,Mobile cellular subscriptions (per 100 people),IT.CEL.SETS.P2,112.223
Barbados,BRB,2020,Mobile cellular subscriptions (per 100 people),IT.CEL.SETS.P2,104.722
Barbados,BRB,2019,Mobile cellular subscriptions (per 100 people),IT.CEL.SETS.P2,117.112
Barbados,BRB,2018,Mobile cellular subscriptions (per 100 people),IT.CEL.SETS.P2,117.319
Barbados,BRB,2017,Mobile cellular subscriptions (per 100 people),IT.CEL.SETS.P2,117.63
Barbados,BRB,2016,Mobile cellular subscriptions (per 100 people),IT.CEL.SETS.P2,118.816
Barbados,BRB,2015,Mobile cellular subscriptions (per 100 people),IT.CEL.SETS.P2,120.001
Barbados,BRB,2014,Mobile cellular subscriptions (per 100 people),IT.CEL.SETS.P2,109.739
Barbados,BRB,2013,Mobile cellular subscriptions (per 100 people),IT.CEL.SETS.P2,110.82
Barbados,BRB,2012,Mobile cellular subscriptions (per 100 people),IT.CEL.SETS.P2,126.128
Barbados,BRB,2011,Mobile cellular subscriptions (per 100 people),IT.CEL.SETS.P2,125.993
Barbados,BRB,2010,Mobile cellular subscriptions (per 100 people),IT.CEL.SETS.P2,127.183
Barbados,BRB,2009,Mobile cellular subscriptions (per 100 people),IT.CEL.SETS.P2,122.96
Barbados,BRB,2008,Mobile cellular subscriptions (per 100 people),IT.CEL.SETS.P2,105.848
Barbados,BRB,2007,Mobile cellular subscriptions (per 100 people),IT.CEL.SETS.P2,94.953
Barbados,BRB,2006,Mobile cellular subscriptions (per 100 people),IT.CEL.SETS.P2,87.8212
Barbados,BRB,2005,Mobile cellular subscriptions (per 100 people),IT.CEL.SETS.P2,76.7344
Barbados,BRB,2004,Mobile cellular subscriptions (per 100 people),IT.CEL.SETS.P2,74.8745
Barbados,BRB,2003,Mobile cellular subscriptions (per 100 people),IT.CEL.SETS.P2,52.6759
Barbados,BRB,2002,Mobile cellular subscriptions (per 100 people),IT.CEL.SETS.P2,36.7949
Barbados,BRB,2001,Mobile cellular subscriptions (per 100 people),IT.CEL.SETS.P2,20.2385
Barbados,BRB,2000,Mobile cellular subscriptions (per 100 people),IT.CEL.SETS.P2,10.8627
Barbados,BRB,1999,Mobile cellular subscriptions (per 100 people),IT.CEL.SETS.P2,7.687852519
Barbados,BRB,1998,Mobile cellular subscriptions (per 100 people),IT.CEL.SETS.P2,4.551626827
Barbados,BRB,1997,Mobile cellular subscriptions (per 100 people),IT.CEL.SETS.P2,3.044175303
Barbados,BRB,1996,Mobile cellular subscriptions (per 100 people),IT.CEL.SETS.P2,2.390846062
Barbados,BRB,1995,Mobile cellular subscriptions (per 100 people),IT.CEL.SETS.P2,1.759027693
Barbados,BRB,1994,Mobile cellular subscriptions (per 100 people),IT.CEL.SETS.P2,1.133688941
Barbados,BRB,1993,Mobile cellular subscriptions (per 100 people),IT.CEL.SETS.P2,0.59771031
Barbados,BRB,1992,Mobile cellular subscriptions (per 100 people),IT.CEL.SETS.P2,0.305904416
Barbados,BRB,1991,Mobile cellular subscriptions (per 100 people),IT.CEL.SETS.P2,0.187353991
Barbados,BRB,1990,Mobile cellular subscriptions (per 100 people),IT.CEL.SETS.P2,0
Barbados,BRB,1989,Mobile cellular subscriptions (per 100 people),IT.CEL.SETS.P2,0
Barbados,BRB,1988,Mobile cellular subscriptions (per 100 people),IT.CEL.SETS.P2,0
Barbados,BRB,1987,Mobile cellular subscriptions (per 100 people),IT.CEL.SETS.P2,0
Barbados,BRB,1986,Mobile cellular subscriptions (per 100 people),IT.CEL.SETS.P2,0
Barbados,BRB,1985,Mobile cellular subscriptions (per 100 people),IT.CEL.SETS.P2,0
Barbados,BRB,1984,Mobile cellular subscriptions (per 100 people),IT.CEL.SETS.P2,0
Barbados,BRB,1983,Mobile cellular subscriptions (per 100 people),IT.CEL.SETS.P2,0
Barbados,BRB,1982,Mobile cellular subscriptions (per 100 people),IT.CEL.SETS.P2,0
Barbados,BRB,1981,Mobile cellular subscriptions (per 100 people),IT.CEL.SETS.P2,0
Barbados,BRB,1980,Mobile cellular subscriptions (per 100 people),IT.CEL.SETS.P2,0
Barbados,BRB,1979,Mobile cellular subscriptions (per 100 people),IT.CEL.SETS.P2,0
Barbados,BRB,1978,Mobile cellular subscriptions (per 100 people),IT.CEL.SETS.P2,0
Barbados,BRB,1977,Mobile cellular subscriptions (per 100 people),IT.CEL.SETS.P2,0
Barbados,BRB,1976,Mobile cellular subscriptions (per 100 people),IT.CEL.SETS.P2,0
Barbados,BRB,1975,Mobile cellular subscriptions (per 100 people),IT.CEL.SETS.P2,0
Barbados,BRB,1970,Mobile cellular subscriptions (per 100 people),IT.CEL.SETS.P2,0
Barbados,BRB,1965,Mobile cellular subscriptions (per 100 people),IT.CEL.SETS.P2,0
Barbados,BRB,1960,Mobile cellular subscriptions (per 100 people),IT.CEL.SETS.P2,0
Barbados,BRB,2022,Fixed telephone subscriptions,IT.MLT.MAIN,121314
Barbados,BRB,2021,Fixed telephone subscriptions,IT.MLT.MAIN,120980
Barbados,BRB,2020,Fixed telephone subscriptions,IT.MLT.MAIN,128000
Barbados,BRB,2019,Fixed telephone subscriptions,IT.MLT.MAIN,128043
Barbados,BRB,2018,Fixed telephone subscriptions,IT.MLT.MAIN,128043
Barbados,BRB,2017,Fixed telephone subscriptions,IT.MLT.MAIN,120471
Barbados,BRB,2016,Fixed telephone subscriptions,IT.MLT.MAIN,139715
Barbados,BRB,2015,Fixed telephone subscriptions,IT.MLT.MAIN,149532
Barbados,BRB,2014,Fixed telephone subscriptions,IT.MLT.MAIN,135775
Barbados,BRB,2013,Fixed telephone subscriptions,IT.MLT.MAIN,148735
Barbados,BRB,2012,Fixed telephone subscriptions,IT.MLT.MAIN,143358
Barbados,BRB,2011,Fixed telephone subscriptions,IT.MLT.MAIN,140668
Barbados,BRB,2010,Fixed telephone subscriptions,IT.MLT.MAIN,137486
Barbados,BRB,2009,Fixed telephone subscriptions,IT.MLT.MAIN,135700
Barbados,BRB,2008,Fixed telephone subscriptions,IT.MLT.MAIN,135000
Barbados,BRB,2007,Fixed telephone subscriptions,IT.MLT.MAIN,134261
Barbados,BRB,2006,Fixed telephone subscriptions,IT.MLT.MAIN,134261
Barbados,BRB,2005,Fixed telephone subscriptions,IT.MLT.MAIN,134878
Barbados,BRB,2004,Fixed telephone subscriptions,IT.MLT.MAIN,135732
Barbados,BRB,2003,Fixed telephone subscriptions,IT.MLT.MAIN,134000
Barbados,BRB,2002,Fixed telephone subscriptions,IT.MLT.MAIN,133000
Barbados,BRB,2001,Fixed telephone subscriptions,IT.MLT.MAIN,128956
Barbados,BRB,2000,Fixed telephone subscriptions,IT.MLT.MAIN,123832
Barbados,BRB,1999,Fixed telephone subscriptions,IT.MLT.MAIN,115000
Barbados,BRB,1998,Fixed telephone subscriptions,IT.MLT.MAIN,113031
Barbados,BRB,1997,Fixed telephone subscriptions,IT.MLT.MAIN,108457
Barbados,BRB,1996,Fixed telephone subscriptions,IT.MLT.MAIN,96547
Barbados,BRB,1995,Fixed telephone subscriptions,IT.MLT.MAIN,90132
Barbados,BRB,1994,Fixed telephone subscriptions,IT.MLT.MAIN,85376
Barbados,BRB,1993,Fixed telephone subscriptions,IT.MLT.MAIN,82507
Barbados,BRB,1992,Fixed telephone subscriptions,IT.MLT.MAIN,80095
Barbados,BRB,1991,Fixed telephone subscriptions,IT.MLT.MAIN,77977
Barbados,BRB,1990,Fixed telephone subscriptions,IT.MLT.MAIN,72141
Barbados,BRB,1989,Fixed telephone subscriptions,IT.MLT.MAIN,66113
Barbados,BRB,1988,Fixed telephone subscriptions,IT.MLT.MAIN,59487
Barbados,BRB,1987,Fixed telephone subscriptions,IT.MLT.MAIN,55040
Barbados,BRB,1986,Fixed telephone subscriptions,IT.MLT.MAIN,51692
Barbados,BRB,1985,Fixed telephone subscriptions,IT.MLT.MAIN,48488
Barbados,BRB,1984,Fixed telephone subscriptions,IT.MLT.MAIN,46050
Barbados,BRB,1983,Fixed telephone subscriptions,IT.MLT.MAIN,41917
Barbados,BRB,1982,Fixed telephone subscriptions,IT.MLT.MAIN,38190
Barbados,BRB,1981,Fixed telephone subscriptions,IT.MLT.MAIN,34962
Barbados,BRB,1980,Fixed telephone subscriptions,IT.MLT.MAIN,34539
Barbados,BRB,1979,Fixed telephone subscriptions,IT.MLT.MAIN,33765
Barbados,BRB,1978,Fixed telephone subscriptions,IT.MLT.MAIN,32539
Barbados,BRB,1977,Fixed telephone subscriptions,IT.MLT.MAIN,31313
Barbados,BRB,1976,Fixed telephone subscriptions,IT.MLT.MAIN,28962
Barbados,BRB,1975,Fixed telephone subscriptions,IT.MLT.MAIN,27046
Barbados,BRB,1974,Fixed telephone subscriptions,IT.MLT.MAIN,18682
Barbados,BRB,1973,Fixed telephone subscriptions,IT.MLT.MAIN,18682
Barbados,BRB,1972,Fixed telephone subscriptions,IT.MLT.MAIN,18682
Barbados,BRB,1971,Fixed telephone subscriptions,IT.MLT.MAIN,18682
Barbados,BRB,1970,Fixed telephone subscriptions,IT.MLT.MAIN,18682
Barbados,BRB,1969,Fixed telephone subscriptions,IT.MLT.MAIN,10801
Barbados,BRB,1968,Fixed telephone subscriptions,IT.MLT.MAIN,10801
Barbados,BRB,1967,Fixed telephone subscriptions,IT.MLT.MAIN,10801
Barbados,BRB,1966,Fixed telephone subscriptions,IT.MLT.MAIN,10801
Barbados,BRB,1965,Fixed telephone subscriptions,IT.MLT.MAIN,10801
Barbados,BRB,1964,Fixed telephone subscriptions,IT.MLT.MAIN,6933
Barbados,BRB,1963,Fixed telephone subscriptions,IT.MLT.MAIN,6933
Barbados,BRB,1962,Fixed telephone subscriptions,IT.MLT.MAIN,6933
Barbados,BRB,1961,Fixed telephone subscriptions,IT.MLT.MAIN,6933
Barbados,BRB,1960,Fixed telephone subscriptions,IT.MLT.MAIN,6933
Barbados,BRB,2022,Fixed telephone subscriptions (per 100 people),IT.MLT.MAIN.P2,43
Barbados,BRB,2021,Fixed telephone subscriptions (per 100 people),IT.MLT.MAIN.P2,42.9
Barbados,BRB,2020,Fixed telephone subscriptions (per 100 people),IT.MLT.MAIN.P2,45.4
Barbados,BRB,2019,Fixed telephone subscriptions (per 100 people),IT.MLT.MAIN.P2,45.5
Barbados,BRB,2018,Fixed telephone subscriptions (per 100 people),IT.MLT.MAIN.P2,45.6
Barbados,BRB,2017,Fixed telephone subscriptions (per 100 people),IT.MLT.MAIN.P2,43
Barbados,BRB,2016,Fixed telephone subscriptions (per 100 people),IT.MLT.MAIN.P2,50
Barbados,BRB,2015,Fixed telephone subscriptions (per 100 people),IT.MLT.MAIN.P2,53.6
Barbados,BRB,2014,Fixed telephone subscriptions (per 100 people),IT.MLT.MAIN.P2,48.8
Barbados,BRB,2013,Fixed telephone subscriptions (per 100 people),IT.MLT.MAIN.P2,53.6
Barbados,BRB,2012,Fixed telephone subscriptions (per 100 people),IT.MLT.MAIN.P2,51.8
Barbados,BRB,2011,Fixed telephone subscriptions (per 100 people),IT.MLT.MAIN.P2,50.9
Barbados,BRB,2010,Fixed telephone subscriptions (per 100 people),IT.MLT.MAIN.P2,50
Barbados,BRB,2009,Fixed telephone subscriptions (per 100 people),IT.MLT.MAIN.P2,49.5
Barbados,BRB,2008,Fixed telephone subscriptions (per 100 people),IT.MLT.MAIN.P2,49.5
Barbados,BRB,2007,Fixed telephone subscriptions (per 100 people),IT.MLT.MAIN.P2,49.5
Barbados,BRB,2006,Fixed telephone subscriptions (per 100 people),IT.MLT.MAIN.P2,49.7
Barbados,BRB,2005,Fixed telephone subscriptions (per 100 people),IT.MLT.MAIN.P2,50.2
Barbados,BRB,2004,Fixed telephone subscriptions (per 100 people),IT.MLT.MAIN.P2,50.8
Barbados,BRB,2003,Fixed telephone subscriptions (per 100 people),IT.MLT.MAIN.P2,50.4
Barbados,BRB,2002,Fixed telephone subscriptions (per 100 people),IT.MLT.MAIN.P2,50.4
Barbados,BRB,2001,Fixed telephone subscriptions (per 100 people),IT.MLT.MAIN.P2,49.1
Barbados,BRB,2000,Fixed telephone subscriptions (per 100 people),IT.MLT.MAIN.P2,47.3
Barbados,BRB,1999,Fixed telephone subscriptions (per 100 people),IT.MLT.MAIN.P2,43.8
Barbados,BRB,1998,Fixed telephone subscriptions (per 100 people),IT.MLT.MAIN.P2,43.1
Barbados,BRB,1997,Fixed telephone subscriptions (per 100 people),IT.MLT.MAIN.P2,41.3
Barbados,BRB,1996,Fixed telephone subscriptions (per 100 people),IT.MLT.MAIN.P2,36.8
Barbados,BRB,1995,Fixed telephone subscriptions (per 100 people),IT.MLT.MAIN.P2,34.4
Barbados,BRB,1994,Fixed telephone subscriptions (per 100 people),IT.MLT.MAIN.P2,32.6
Barbados,BRB,1993,Fixed telephone subscriptions (per 100 people),IT.MLT.MAIN.P2,31.6
Barbados,BRB,1992,Fixed telephone subscriptions (per 100 people),IT.MLT.MAIN.P2,30.8
Barbados,BRB,1991,Fixed telephone subscriptions (per 100 people),IT.MLT.MAIN.P2,30.1
Barbados,BRB,1990,Fixed telephone subscriptions (per 100 people),IT.MLT.MAIN.P2,27.9
Barbados,BRB,1989,Fixed telephone subscriptions (per 100 people),IT.MLT.MAIN.P2,25.55002918
Barbados,BRB,1988,Fixed telephone subscriptions (per 100 people),IT.MLT.MAIN.P2,22.98907877
Barbados,BRB,1987,Fixed telephone subscriptions (per 100 people),IT.MLT.MAIN.P2,21.27939255
Barbados,BRB,1986,Fixed telephone subscriptions (per 100 people),IT.MLT.MAIN.P2,20.00696675
Barbados,BRB,1985,Fixed telephone subscriptions (per 100 people),IT.MLT.MAIN.P2,18.80028382
Barbados,BRB,1984,Fixed telephone subscriptions (per 100 people),IT.MLT.MAIN.P2,17.89892645
Barbados,BRB,1983,Fixed telephone subscriptions (per 100 people),IT.MLT.MAIN.P2,16.34165549
Barbados,BRB,1982,Fixed telephone subscriptions (per 100 people),IT.MLT.MAIN.P2,14.93885981
Barbados,BRB,1981,Fixed telephone subscriptions (per 100 people),IT.MLT.MAIN.P2,13.72759969
Barbados,BRB,1980,Fixed telephone subscriptions (per 100 people),IT.MLT.MAIN.P2,13.62087596
Barbados,BRB,1979,Fixed telephone subscriptions (per 100 people),IT.MLT.MAIN.P2,13.38107429
Barbados,BRB,1978,Fixed telephone subscriptions (per 100 people),IT.MLT.MAIN.P2,12.9632802
Barbados,BRB,1977,Fixed telephone subscriptions (per 100 people),IT.MLT.MAIN.P2,12.54210676
Barbados,BRB,1976,Fixed telephone subscriptions (per 100 people),IT.MLT.MAIN.P2,11.66134507
Barbados,BRB,1975,Fixed telephone subscriptions (per 100 people),IT.MLT.MAIN.P2,10.94580922
Barbados,BRB,1974,Fixed telephone subscriptions (per 100 people),IT.MLT.MAIN.P2,7.82014
Barbados,BRB,1973,Fixed telephone subscriptions (per 100 people),IT.MLT.MAIN.P2,7.82014
Barbados,BRB,1972,Fixed telephone subscriptions (per 100 people),IT.MLT.MAIN.P2,7.82014
Barbados,BRB,1971,Fixed telephone subscriptions (per 100 people),IT.MLT.MAIN.P2,7.82014
Barbados,BRB,1970,Fixed telephone subscriptions (per 100 people),IT.MLT.MAIN.P2,7.739118547
Barbados,BRB,1969,Fixed telephone subscriptions (per 100 people),IT.MLT.MAIN.P2,4.58811
Barbados,BRB,1968,Fixed telephone subscriptions (per 100 people),IT.MLT.MAIN.P2,4.58811
Barbados,BRB,1967,Fixed telephone subscriptions (per 100 people),IT.MLT.MAIN.P2,4.58811
Barbados,BRB,1966,Fixed telephone subscriptions (per 100 people),IT.MLT.MAIN.P2,4.58811
Barbados,BRB,1965,Fixed telephone subscriptions (per 100 people),IT.MLT.MAIN.P2,4.54407768
Barbados,BRB,1964,Fixed telephone subscriptions (per 100 people),IT.MLT.MAIN.P2,3.00156
Barbados,BRB,1963,Fixed telephone subscriptions (per 100 people),IT.MLT.MAIN.P2,3.00156
Barbados,BRB,1962,Fixed telephone subscriptions (per 100 people),IT.MLT.MAIN.P2,3.00156
Barbados,BRB,1961,Fixed telephone subscriptions (per 100 people),IT.MLT.MAIN.P2,3.00156
Barbados,BRB,1960,Fixed telephone subscriptions (per 100 people),IT.MLT.MAIN.P2,2.981294345
Barbados,BRB,2022,Fixed broadband subscriptions,IT.NET.BBND,105825
Barbados,BRB,2021,Fixed broadband subscriptions,IT.NET.BBND,102564
Barbados,BRB,2020,Fixed broadband subscriptions,IT.NET.BBND,128000
Barbados,BRB,2019,Fixed broadband subscriptions,IT.NET.BBND,106803
Barbados,BRB,2018,Fixed broadband subscriptions,IT.NET.BBND,89340
Barbados,BRB,2017,Fixed broadband subscriptions,IT.NET.BBND,89340
Barbados,BRB,2016,Fixed broadband subscriptions,IT.NET.BBND,86887
Barbados,BRB,2015,Fixed broadband subscriptions,IT.NET.BBND,78269
Barbados,BRB,2014,Fixed broadband subscriptions,IT.NET.BBND,77730
Barbados,BRB,2013,Fixed broadband subscriptions,IT.NET.BBND,67798
Barbados,BRB,2012,Fixed broadband subscriptions,IT.NET.BBND,66884
Barbados,BRB,2011,Fixed broadband subscriptions,IT.NET.BBND,62634
Barbados,BRB,2010,Fixed broadband subscriptions,IT.NET.BBND,56190
Barbados,BRB,2009,Fixed broadband subscriptions,IT.NET.BBND,57305
Barbados,BRB,2008,Fixed broadband subscriptions,IT.NET.BBND,49216
Barbados,BRB,2007,Fixed broadband subscriptions,IT.NET.BBND,47133
Barbados,BRB,2006,Fixed broadband subscriptions,IT.NET.BBND,38800
Barbados,BRB,2005,Fixed broadband subscriptions,IT.NET.BBND,31942
Barbados,BRB,2004,Fixed broadband subscriptions,IT.NET.BBND,29630
Barbados,BRB,2003,Fixed broadband subscriptions,IT.NET.BBND,27319
Barbados,BRB,2022,Fixed broadband subscriptions (per 100 people),IT.NET.BBND.P2,37.4843
Barbados,BRB,2021,Fixed broadband subscriptions (per 100 people),IT.NET.BBND.P2,36.3513
Barbados,BRB,2020,Fixed broadband subscriptions (per 100 people),IT.NET.BBND.P2,45.4387
Barbados,BRB,2019,Fixed broadband subscriptions (per 100 people),IT.NET.BBND.P2,37.9802
Barbados,BRB,2018,Fixed broadband subscriptions (per 100 people),IT.NET.BBND.P2,31.8263
Barbados,BRB,2017,Fixed broadband subscriptions (per 100 people),IT.NET.BBND.P2,31.8877
Barbados,BRB,2016,Fixed broadband subscriptions (per 100 people),IT.NET.BBND.P2,31.0757
Barbados,BRB,2015,Fixed broadband subscriptions (per 100 people),IT.NET.BBND.P2,28.0544
Barbados,BRB,2014,Fixed broadband subscriptions (per 100 people),IT.NET.BBND.P2,27.9255
Barbados,BRB,2013,Fixed broadband subscriptions (per 100 people),IT.NET.BBND.P2,24.4172
Barbados,BRB,2012,Fixed broadband subscriptions (per 100 people),IT.NET.BBND.P2,24.1513
Barbados,BRB,2011,Fixed broadband subscriptions (per 100 people),IT.NET.BBND.P2,22.6821
Barbados,BRB,2010,Fixed broadband subscriptions (per 100 people),IT.NET.BBND.P2,20.4147
Barbados,BRB,2009,Fixed broadband subscriptions (per 100 people),IT.NET.BBND.P2,20.9048
Barbados,BRB,2008,Fixed broadband subscriptions (per 100 people),IT.NET.BBND.P2,18.0467
Barbados,BRB,2007,Fixed broadband subscriptions (per 100 people),IT.NET.BBND.P2,17.3738
Barbados,BRB,2006,Fixed broadband subscriptions (per 100 people),IT.NET.BBND.P2,14.3703
Barbados,BRB,2005,Fixed broadband subscriptions (per 100 people),IT.NET.BBND.P2,11.8873
Barbados,BRB,2004,Fixed broadband subscriptions (per 100 people),IT.NET.BBND.P2,11.085
Barbados,BRB,2003,Fixed broadband subscriptions (per 100 people),IT.NET.BBND.P2,10.279
Barbados,BRB,2024,Secure Internet servers,IT.NET.SECR,331
Barbados,BRB,2023,Secure Internet servers,IT.NET.SECR,299
Barbados,BRB,2022,Secure Internet servers,IT.NET.SECR,277
Barbados,BRB,2021,Secure Internet servers,IT.NET.SECR,258
Barbados,BRB,2020,Secure Internet servers,IT.NET.SECR,298
Barbados,BRB,2019,Secure Internet servers,IT.NET.SECR,270
Barbados,BRB,2018,Secure Internet servers,IT.NET.SECR,249
Barbados,BRB,2017,Secure Internet servers,IT.NET.SECR,220
Barbados,BRB,2016,Secure Internet servers,IT.NET.SECR,184
Barbados,BRB,2015,Secure Internet servers,IT.NET.SECR,164
Barbados,BRB,2014,Secure Internet servers,IT.NET.SECR,136
Barbados,BRB,2013,Secure Internet servers,IT.NET.SECR,109
Barbados,BRB,2012,Secure Internet servers,IT.NET.SECR,83
Barbados,BRB,2011,Secure Internet servers,IT.NET.SECR,70
Barbados,BRB,2010,Secure Internet servers,IT.NET.SECR,53
Barbados,BRB,2024,Secure Internet servers (per 1 million people),IT.NET.SECR.P6,1171.81830089887
Barbados,BRB,2023,Secure Internet servers (per 1 million people),IT.NET.SECR.P6,1059.02187464581
Barbados,BRB,2022,Secure Internet servers (per 1 million people),IT.NET.SECR.P6,981.16308559851
Barbados,BRB,2021,Secure Internet servers (per 1 million people),IT.NET.SECR.P6,914.416952864996
Barbados,BRB,2020,Secure Internet servers (per 1 million people),IT.NET.SECR.P6,1057.87048541346
Barbados,BRB,2019,Secure Internet servers (per 1 million people),IT.NET.SECR.P6,960.146795776777
Barbados,BRB,2018,Secure Internet servers (per 1 million people),IT.NET.SECR.P6,887.03328334123
Barbados,BRB,2017,Secure Internet servers (per 1 million people),IT.NET.SECR.P6,785.23473164603
Barbados,BRB,2016,Secure Internet servers (per 1 million people),IT.NET.SECR.P6,658.087683030637
Barbados,BRB,2015,Secure Internet servers (per 1 million people),IT.NET.SECR.P6,587.834689415391
Barbados,BRB,2014,Secure Internet servers (per 1 million people),IT.NET.SECR.P6,488.597008061851
Barbados,BRB,2013,Secure Internet servers (per 1 million people),IT.NET.SECR.P6,392.559379107918
Barbados,BRB,2012,Secure Internet servers (per 1 million people),IT.NET.SECR.P6,299.706071395041
Barbados,BRB,2011,Secure Internet servers (per 1 million people),IT.NET.SECR.P6,253.495522182669
Barbados,BRB,2010,Secure Internet servers (per 1 million people),IT.NET.SECR.P6,192.557122251974
Barbados,BRB,2023,Individuals using the Internet (% of population),IT.NET.USER.ZS,80
Barbados,BRB,2022,Individuals using the Internet (% of population),IT.NET.USER.ZS,79.4
Barbados,BRB,2021,Individuals using the Internet (% of population),IT.NET.USER.ZS,77.9
Barbados,BRB,2020,Individuals using the Internet (% of population),IT.NET.USER.ZS,76
Barbados,BRB,2019,Individuals using the Internet (% of population),IT.NET.USER.ZS,74.2
Barbados,BRB,2018,Individuals using the Internet (% of population),IT.NET.USER.ZS,72.4
Barbados,BRB,2017,Individuals using the Internet (% of population),IT.NET.USER.ZS,72.3
Barbados,BRB,2016,Individuals using the Internet (% of population),IT.NET.USER.ZS,72.2
Barbados,BRB,2015,Individuals using the Internet (% of population),IT.NET.USER.ZS,72
Barbados,BRB,2014,Individuals using the Internet (% of population),IT.NET.USER.ZS,71.9
Barbados,BRB,2013,Individuals using the Internet (% of population),IT.NET.USER.ZS,71.8
Barbados,BRB,2012,Individuals using the Internet (% of population),IT.NET.USER.ZS,71.2
Barbados,BRB,2011,Individuals using the Internet (% of population),IT.NET.USER.ZS,66.5
Barbados,BRB,2010,Individuals using the Internet (% of population),IT.NET.USER.ZS,65.1
Barbados,BRB,2009,Individuals using the Internet (% of population),IT.NET.USER.ZS,64.7
Barbados,BRB,2008,Individuals using the Internet (% of population),IT.NET.USER.ZS,61.4
Barbados,BRB,2007,Individuals using the Internet (% of population),IT.NET.USER.ZS,58.2
Barbados,BRB,2006,Individuals using the Internet (% of population),IT.NET.USER.ZS,55.3
Barbados,BRB,2005,Individuals using the Internet (% of population),IT.NET.USER.ZS,52.5
Barbados,BRB,2004,Individuals using the Internet (% of population),IT.NET.USER.ZS,49.8
Barbados,BRB,2003,Individuals using the Internet (% of population),IT.NET.USER.ZS,39.7
Barbados,BRB,2002,Individuals using the Internet (% of population),IT.NET.USER.ZS,27.8
Barbados,BRB,2001,Individuals using the Internet (% of population),IT.NET.USER.ZS,11.9
Barbados,BRB,2000,Individuals using the Internet (% of population),IT.NET.USER.ZS,3.97
Barbados,BRB,1999,Individuals using the Internet (% of population),IT.NET.USER.ZS,2.38
Barbados,BRB,1998,Individuals using the Internet (% of population),IT.NET.USER.ZS,1.97
Barbados,BRB,1997,Individuals using the Internet (% of population),IT.NET.USER.ZS,0.783
Barbados,BRB,1996,Individuals using the Internet (% of population),IT.NET.USER.ZS,0.389
Barbados,BRB,1995,Individuals using the Internet (% of population),IT.NET.USER.ZS,0.00775
Barbados,BRB,1990,Individuals using the Internet (% of population),IT.NET.USER.ZS,0
Barbados,BRB,2022,ICT goods imports (% total goods imports),TM.VAL.ICTG.ZS.UN,3.88
Barbados,BRB,2021,ICT goods imports (% total goods imports),TM.VAL.ICTG.ZS.UN,5.58
Barbados,BRB,2020,ICT goods imports (% total goods imports),TM.VAL.ICTG.ZS.UN,4.85
Barbados,BRB,2019,ICT goods imports (% total goods imports),TM.VAL.ICTG.ZS.UN,3.08
Barbados,BRB,2018,ICT goods imports (% total goods imports),TM.VAL.ICTG.ZS.UN,3.7
Barbados,BRB,2017,ICT goods imports (% total goods imports),TM.VAL.ICTG.ZS.UN,4.52
Barbados,BRB,2016,ICT goods imports (% total goods imports),TM.VAL.ICTG.ZS.UN,5.33
Barbados,BRB,2015,ICT goods imports (% total goods imports),TM.VAL.ICTG.ZS.UN,5.45
Barbados,BRB,2014,ICT goods imports (% total goods imports),TM.VAL.ICTG.ZS.UN,5.37
Barbados,BRB,2013,ICT goods imports (% total goods imports),TM.VAL.ICTG.ZS.UN,5.43
Barbados,BRB,2012,ICT goods imports (% total goods imports),TM.VAL.ICTG.ZS.UN,4.43
Barbados,BRB,2011,ICT goods imports (% total goods imports),TM.VAL.ICTG.ZS.UN,5.03
Barbados,BRB,2010,ICT goods imports (% total goods imports),TM.VAL.ICTG.ZS.UN,6.13
Barbados,BRB,2009,ICT goods imports (% total goods imports),TM.VAL.ICTG.ZS.UN,6.38
Barbados,BRB,2008,ICT goods imports (% total goods imports),TM.VAL.ICTG.ZS.UN,5.57
Barbados,BRB,2007,ICT goods imports (% total goods imports),TM.VAL.ICTG.ZS.UN,9.92
Barbados,BRB,2006,ICT goods imports (% total goods imports),TM.VAL.ICTG.ZS.UN,7.72
Barbados,BRB,2005,ICT goods imports (% total goods imports),TM.VAL.ICTG.ZS.UN,7.85
Barbados,BRB,2004,ICT goods imports (% total goods imports),TM.VAL.ICTG.ZS.UN,10.82
Barbados,BRB,2003,ICT goods imports (% total goods imports),TM.VAL.ICTG.ZS.UN,9.2
Barbados,BRB,2002,ICT goods imports (% total goods imports),TM.VAL.ICTG.ZS.UN,8
Barbados,BRB,2001,ICT goods imports (% total goods imports),TM.VAL.ICTG.ZS.UN,7.77
Barbados,BRB,2000,ICT goods imports (% total goods imports),TM.VAL.ICTG.ZS.UN,8.16
Barbados,BRB,2022,ICT goods exports (% of total goods exports),TX.VAL.ICTG.ZS.UN,1.1
Barbados,BRB,2021,ICT goods exports (% of total goods exports),TX.VAL.ICTG.ZS.UN,0.53
Barbados,BRB,2020,ICT goods exports (% of total goods exports),TX.VAL.ICTG.ZS.UN,0.52
Barbados,BRB,2019,ICT goods exports (% of total goods exports),TX.VAL.ICTG.ZS.UN,0.28
Barbados,BRB,2018,ICT goods exports (% of total goods exports),TX.VAL.ICTG.ZS.UN,0.64
Barbados,BRB,2017,ICT goods exports (% of total goods exports),TX.VAL.ICTG.ZS.UN,0.66
Barbados,BRB,2016,ICT goods exports (% of total goods exports),TX.VAL.ICTG.ZS.UN,1.55
Barbados,BRB,2015,ICT goods exports (% of total goods exports),TX.VAL.ICTG.ZS.UN,1.56
Barbados,BRB,2014,ICT goods exports (% of total goods exports),TX.VAL.ICTG.ZS.UN,0.77
Barbados,BRB,2013,ICT goods exports (% of total goods exports),TX.VAL.ICTG.ZS.UN,0.7
Barbados,BRB,2012,ICT goods exports (% of total goods exports),TX.VAL.ICTG.ZS.UN,0.76
Barbados,BRB,2011,ICT goods exports (% of total goods exports),TX.VAL.ICTG.ZS.UN,0.66
Barbados,BRB,2010,ICT goods exports (% of total goods exports),TX.VAL.ICTG.ZS.UN,1.51
Barbados,BRB,2009,ICT goods exports (% of total goods exports),TX.VAL.ICTG.ZS.UN,2.89
Barbados,BRB,2008,ICT goods exports (% of total goods exports),TX.VAL.ICTG.ZS.UN,1.06
Barbados,BRB,2007,ICT goods exports (% of total goods exports),TX.VAL.ICTG.ZS.UN,2.11
Barbados,BRB,2006,ICT goods exports (% of total goods exports),TX.VAL.ICTG.ZS.UN,5.41
Barbados,BRB,2005,ICT goods exports (% of total goods exports),TX.VAL.ICTG.ZS.UN,4.89
Barbados,BRB,2004,ICT goods exports (% of total goods exports),TX.VAL.ICTG.ZS.UN,2.2
Barbados,BRB,2003,ICT goods exports (% of total goods exports),TX.VAL.ICTG.ZS.UN,1.2
Barbados,BRB,2002,ICT goods exports (% of total goods exports),TX.VAL.ICTG.ZS.UN,0.86
Barbados,BRB,2001,ICT goods exports (% of total goods exports),TX.VAL.ICTG.ZS.UN,1.8
Barbados,BRB,2000,ICT goods exports (% of total goods exports),TX.VAL.ICTG.ZS.UN,2.24
Barbados,BRB,2005,Personal computers (per 100 people),IT.CMP.PCMP.P2,14.4758127264108
Barbados,BRB,2004,Personal computers (per 100 people),IT.CMP.PCMP.P2,12.3508812717049
Barbados,BRB,2003,Personal computers (per 100 people),IT.CMP.PCMP.P2,11.3003000047388
Barbados,BRB,2002,Personal computers (per 100 people),IT.CMP.PCMP.P2,10.2404681356862
Barbados,BRB,2001,Personal computers (per 100 people),IT.CMP.PCMP.P2,9.1743119266055
Barbados,BRB,2000,Personal computers (per 100 people),IT.CMP.PCMP.P2,8.10268309301512
Barbados,BRB,1999,Personal computers (per 100 people),IT.CMP.PCMP.P2,7.76480767310899
Barbados,BRB,1998,Personal computers (per 100 people),IT.CMP.PCMP.P2,7.42566905278166
Barbados,BRB,1997,Personal computers (per 100 people),IT.CMP.PCMP.P2,6.71173472241384
Barbados,BRB,1996,Personal computers (per 100 people),IT.CMP.PCMP.P2,5.99140981617606
Barbados,BRB,1995,Personal computers (per 100 people),IT.CMP.PCMP.P2,5.64005188847737
